sheet,cell,reference
T1,E3,C19
T1,F3,E3
T1,G3,E3
T1,E4,C19
T1,F4,E4
T1,F4,C58
T1,F4,C58
T1,F4,C58
T1,F4,C58
T1,F4,C58
T1,G4,F4
T1,G4,F4
T1,G4,$C$58
T1,G4,F4
T1,E5,F4
T1,E5,F4
T1,G5,E5
T1,G5,G4
T1,G5,G4
T1,E6,C19
T1,F6,E6
T1,F6,D58
T1,F6,D58
T1,F6,D58
T1,F6,D58
T1,F6,D58
T1,G6,F6
T1,G6,F6
T1,G6,$D$58
T1,G6,F6
T1,E7,F6
T1,E7,F6
T1,G7,E7
T1,G7,G6
T1,G7,G6
T1,E20,F19
T1,F20,F19
T1,F20,F10
T1,F20,'Infos Clients'!B2
T1,F20,E10
T1,B26,F23
T1,B26,F23
T1,D26,F21
T1,E26,F21
T1,B28,B34
T1,C38,C29
T1,C38,C29
T1,F38,C29
T1,F38,C29
T1,F38,C29
T1,F38,C29
T1,F38,C29
T1,C44,C29
T1,C44,C17
T1,C44,B142
T1,C44,Q148
T1,C44,B34
T1,C44,B169
T1,C44,M177
T1,D44,D29
T1,D44,$B$34
T1,D44,B169
T1,D44,M177
T1,D44,$C$17
T1,D44,B142
T1,D44,Q148
T1,E44,E29
T1,E44,$B$34
T1,E44,B169
T1,E44,M177
T1,E44,$C$17
T1,E44,B142
T1,E44,Q148
T1,C46,C44
T1,C46,C21
T1,C46,B153
T1,C46,C156
T1,C46,C13
T1,C46,B132
T1,C46,F134
T1,C46,C15
T1,C46,B136
T1,C46,E137
T1,D46,$F$23
T1,D46,$F$23
T1,D46,$D$44
T1,D46,$C$13
T1,D46,$B$132
T1,D46,$F$134
T1,D46,$C$15
T1,D46,$B$136
T1,D46,$E$137
T1,D46,$E$44
T1,D46,$C$13
T1,D46,$B$132
T1,D46,$F$134
T1,D46,$C$15
T1,D46,$B$136
T1,D46,$E$137
T1,E46,$F$23
T1,E46,$F$23
T1,E46,$E$44
T1,E46,$C$13
T1,E46,$B$132
T1,E46,$F$134
T1,E46,$C$15
T1,E46,$B$136
T1,E46,$E$137
T1,E46,$C$23
T1,E46,$B$185
T1,E46,$C$187
T1,E46,$D$44
T1,E46,$C$13
T1,E46,$B$132
T1,E46,$F$134
T1,E46,$C$15
T1,E46,$B$136
T1,E46,$E$137
T1,E46,$C$23
T1,E46,$B$185
T1,E46,$C$187
T1,E46,$F$23
T1,E46,$B$158
T1,E46,$E$161
T1,F46,C129
T1,C48,Q121
T1,C49,D123
T1,E49,R121
T1,C58,C44
T1,C58,C44
T1,C58,E59
T1,C58,B132
T1,C58,E134
T1,C58,C15
T1,C58,B136
T1,C58,E137
T1,D58,E44
T1,D58,E44
T1,D58,E60
T1,D58,B132
T1,D58,E134
T1,D58,C15
T1,D58,B136
T1,D58,E137
T1,E58,$C$13
T1,E58,$B$132
T1,E58,$E$134
T1,J58,C58
T1,J58,C58
T1,J58,D58
T1,J58,F58
T1,K58,J58
T1,L58,E58
T1,L58,E58
T1,L58,'Prix Matiere'!$A$4
T1,L58,$J$65
T1,M58,L58
T1,M58,K58
T1,M58,$F$15
T1,M58,K58
T1,N58,J58
T1,N58,$F$15
T1,N58,J58
T1,N58,J58
T1,O58,N58
T1,Q58,J58
T1,Q58,J58
T1,Q58,E58
T1,Q58,'Prix Matiere'!$A$4
T1,Q58,$L$60
T1,R58,J58
T1,R58,Q58
T1,R58,E58
T1,R58,'Prix Matiere'!$A$4
T1,R58,$L$60
T1,C59,C58
T1,D59,D44
T1,E59,$C$13
T1,E59,$B$132
T1,E59,$E$134
T1,J59,C59
T1,J59,C59
T1,J59,D59
T1,J59,F59
T1,K59,J59
T1,L59,E59
T1,L59,E59
T1,L59,'Prix Matiere'!$A$4
T1,L59,$J$65
T1,M59,L59
T1,M59,K59
T1,M59,$F$15
T1,M59,K59
T1,N59,J59
T1,N59,$F$15
T1,N59,J59
T1,N59,J59
T1,O59,N59
T1,Q59,J59
T1,Q59,J59
T1,Q59,E59
T1,Q59,'Prix Matiere'!$A$4
T1,Q59,$L$60
T1,R59,J59
T1,R59,Q59
T1,R59,E59
T1,R59,'Prix Matiere'!$A$4
T1,R59,$L$60
T1,C60,E44
T1,D60,D44
T1,E60,$C$13
T1,E60,$B$132
T1,E60,$E$134
T1,J60,C60
T1,J60,C60
T1,J60,D60
T1,J60,F60
T1,K60,J60
T1,L60,E60
T1,L60,E60
T1,L60,'Prix Matiere'!$A$4
T1,L60,$J$65
T1,M60,L60
T1,M60,K60
T1,M60,$F$15
T1,M60,K60
T1,N60,J60
T1,N60,$F$15
T1,N60,J60
T1,N60,J60
T1,O60,N60
T1,Q60,J60
T1,Q60,J60
T1,Q60,E60
T1,Q60,'Prix Matiere'!$A$4
T1,Q60,$L$60
T1,R60,J60
T1,R60,Q60
T1,R60,E60
T1,R60,'Prix Matiere'!$A$4
T1,R60,$L$60
T1,J61,C61
T1,J61,C61
T1,J61,D61
T1,J61,F61
T1,K61,J61
T1,J62,C62
T1,J62,C62
T1,J62,D62
T1,J62,F62
T1,K62,J62
T1,C63,C58
T1,D63,D58
T1,E63,$C$15
T1,E63,R4
T1,J63,C63
T1,J63,C63
T1,J63,D63
T1,J63,F63
T1,K63,J63
T1,L63,E63
T1,L63,E63
T1,L63,'Prix Matiere'!$A$4
T1,L63,$J$65
T1,M63,L63
T1,M63,K63
T1,N63,J63
T1,N63,J63
T1,O63,N63
T1,Q63,J63
T1,Q63,J63
T1,Q63,E63
T1,Q63,'Prix Matiere'!$A$4
T1,Q63,$L$60
T1,R63,J63
T1,R63,Q63
T1,R63,E63
T1,R63,'Prix Matiere'!$A$4
T1,R63,$L$60
T1,C64,D58
T1,C64,D58
T1,C64,D63
T1,D64,D63
T1,E64,$C$15
T1,E64,R4
T1,J64,C64
T1,J64,C64
T1,J64,D64
T1,J64,F64
T1,K64,J64
T1,L64,E64
T1,L64,E64
T1,L64,'Prix Matiere'!$A$4
T1,L64,$J$65
T1,M64,L64
T1,M64,K64
T1,N64,J64
T1,N64,J64
T1,O64,N64
T1,Q64,J64
T1,Q64,J64
T1,Q64,E64
T1,Q64,'Prix Matiere'!$A$4
T1,Q64,$L$60
T1,R64,J64
T1,R64,Q64
T1,R64,E64
T1,R64,'Prix Matiere'!$A$4
T1,R64,$L$60
T1,C65,C63
T1,D65,$D$44
T1,D65,$D$44
T1,E65,$C$15
T1,E65,R4
T1,F65,D44
T1,J65,C65
T1,J65,C65
T1,J65,D65
T1,J65,F65
T1,K65,J65
T1,L65,E65
T1,L65,E65
T1,L65,'Prix Matiere'!$A$4
T1,L65,$J$65
T1,M65,L65
T1,M65,K65
T1,N65,J65
T1,N65,J65
T1,O65,N65
T1,Q65,J65
T1,Q65,J65
T1,Q65,E65
T1,Q65,'Prix Matiere'!$A$4
T1,Q65,$L$60
T1,R65,J65
T1,R65,Q65
T1,R65,E65
T1,R65,'Prix Matiere'!$A$4
T1,R65,$L$60
T1,B66,C23
T1,C66,C58
T1,C66,B66
T1,C66,C58
T1,C66,B66
T1,C66,D46
T1,C66,B66
T1,C66,C63
T1,D66,$F$10
T1,E66,$C$23
T1,E66,R4
T1,E66,R4
T1,F66,B66
T1,F66,B66
T1,F66,F65
T1,J66,C66
T1,J66,C66
T1,J66,D66
T1,J66,F66
T1,K66,J66
T1,L66,E66
T1,L66,E66
T1,L66,'Prix Matiere'!$A$4
T1,L66,$J$65
T1,M66,L66
T1,M66,K66
T1,N66,J66
T1,N66,J66
T1,O66,N66
T1,Q66,J66
T1,Q66,J66
T1,Q66,E66
T1,Q66,'Prix Matiere'!$A$4
T1,Q66,$L$60
T1,R66,J66
T1,R66,Q66
T1,R66,E66
T1,R66,'Prix Matiere'!$A$4
T1,R66,$L$60
T1,C67,D44
T1,C67,D44
T1,D67,D44
T1,D67,D63
T1,E67,$C$15
T1,E67,R4
T1,F67,D44
T1,J67,C67
T1,J67,C67
T1,J67,D67
T1,J67,F67
T1,K67,J67
T1,L67,E67
T1,L67,E67
T1,L67,'Prix Matiere'!$A$4
T1,L67,$J$65
T1,M67,L67
T1,M67,K67
T1,N67,J67
T1,N67,J67
T1,O67,N67
T1,Q67,J67
T1,Q67,J67
T1,Q67,E67
T1,Q67,'Prix Matiere'!$A$4
T1,Q67,$L$60
T1,R67,J67
T1,R67,Q67
T1,R67,E67
T1,R67,'Prix Matiere'!$A$4
T1,R67,$L$60
T1,C68,D44
T1,C68,E44
T1,C68,C60
T1,C68,D67
T1,D68,$D$44
T1,D68,$D$44
T1,D68,$D$44
T1,E68,$C$15
T1,E68,R4
T1,F68,D44
T1,J68,C68
T1,J68,C68
T1,J68,D68
T1,J68,F68
T1,K68,J68
T1,L68,E68
T1,L68,E68
T1,L68,'Prix Matiere'!$A$4
T1,L68,$J$65
T1,M68,L68
T1,M68,K68
T1,N68,J68
T1,N68,J68
T1,O68,N68
T1,Q68,J68
T1,Q68,J68
T1,Q68,E68
T1,Q68,'Prix Matiere'!$A$4
T1,Q68,$L$60
T1,R68,J68
T1,R68,Q68
T1,R68,E68
T1,R68,'Prix Matiere'!$A$4
T1,R68,$L$60
T1,B69,D44
T1,B69,C21
T1,B69,C21
T1,C69,B69
T1,C69,D60
T1,C69,C13
T1,C69,B132
T1,C69,E134
T1,C69,B69
T1,C69,D60
T1,C69,D68
T1,D69,B69
T1,D69,B69
T1,F69,B69
T1,J69,C69
T1,J69,C69
T1,J69,D69
T1,J69,F69
T1,K69,J69
T1,L69,E69
T1,L69,E69
T1,L69,'Prix Matiere'!$A$4
T1,L69,$J$65
T1,M69,L69
T1,M69,K69
T1,N69,J69
T1,N69,J69
T1,O69,N69
T1,Q69,J69
T1,Q69,J69
T1,Q69,E69
T1,Q69,'Prix Matiere'!$A$4
T1,Q69,$L$60
T1,R69,J69
T1,R69,Q69
T1,R69,E69
T1,R69,'Prix Matiere'!$A$4
T1,R69,$L$60
T1,C72,F72
T1,C72,C44
T1,D72,F72
T1,D72,E76
T1,D72,$C$17
T1,D72,B142
T1,D72,Q148
T1,E72,$C$17
T1,E72,B142
T1,E72,Q148
T1,F72,$C$17
T1,F72,B142
T1,F72,Q148
T1,J72,C72
T1,J72,C72
T1,J72,D72
T1,J72,F72
T1,K72,J72
T1,L72,E72
T1,L72,E72
T1,L72,'Prix Matiere'!$A$4
T1,L72,$J$65
T1,M72,L72
T1,M72,K72
T1,N72,J72
T1,N72,J72
T1,O72,N72
T1,Q72,J72
T1,Q72,J72
T1,Q72,E72
T1,Q72,'Prix Matiere'!$A$4
T1,Q72,$L$60
T1,R72,J72
T1,R72,Q72
T1,R72,E72
T1,R72,'Prix Matiere'!$A$4
T1,R72,$L$60
T1,C73,F73
T1,C73,C44
T1,D73,F73
T1,D73,D76
T1,E73,$C$17
T1,E73,$C$17
T1,E73,B142
T1,E73,Q148
T1,F73,$C$17
T1,F73,B142
T1,F73,Q148
T1,J73,C73
T1,J73,C73
T1,J73,D73
T1,J73,F73
T1,K73,J73
T1,L73,E73
T1,L73,E73
T1,L73,'Prix Matiere'!$A$4
T1,L73,$J$65
T1,M73,L73
T1,M73,K73
T1,N73,J73
T1,N73,J73
T1,O73,N73
T1,Q73,J73
T1,Q73,J73
T1,Q73,E73
T1,Q73,'Prix Matiere'!$A$4
T1,Q73,$L$60
T1,R73,J73
T1,R73,Q73
T1,R73,E73
T1,R73,'Prix Matiere'!$A$4
T1,R73,$L$60
T1,C74,F74
T1,C74,E76
T1,D74,F74
T1,D74,D76
T1,E74,$C$17
T1,E74,$C$17
T1,E74,B142
T1,E74,Q148
T1,F74,$C$17
T1,F74,B142
T1,F74,Q148
T1,J74,C74
T1,J74,C74
T1,J74,D74
T1,J74,F74
T1,K74,J74
T1,L74,E74
T1,L74,E74
T1,L74,'Prix Matiere'!$A$4
T1,L74,$J$65
T1,M74,L74
T1,M74,K74
T1,N74,J74
T1,N74,J74
T1,O74,N74
T1,Q74,J74
T1,Q74,J74
T1,Q74,E74
T1,Q74,'Prix Matiere'!$A$4
T1,Q74,$L$60
T1,R74,J74
T1,R74,Q74
T1,R74,E74
T1,R74,'Prix Matiere'!$A$4
T1,R74,$L$60
T1,C76,C44
T1,C76,C17
T1,C76,B142
T1,C76,Q148
T1,D76,D44
T1,D76,C17
T1,D76,B142
T1,D76,Q148
T1,E76,E44
T1,E76,C17
T1,E76,B142
T1,E76,Q148
T1,C79,F79
T1,C79,C83
T1,C79,C17
T1,C79,B142
T1,C79,Q148
T1,D79,F79
T1,D79,E83
T1,D79,C17
T1,D79,B142
T1,D79,Q148
T1,E79,C17
T1,E79,B142
T1,E79,Q148
T1,F79,$C$17
T1,F79,B142
T1,F79,Q148
T1,J79,C79
T1,J79,C79
T1,J79,D79
T1,J79,F79
T1,K79,J79
T1,L79,E79
T1,L79,E79
T1,L79,'Prix Matiere'!A4
T1,L79,J60
T1,M79,L79
T1,M79,K79
T1,N79,J79
T1,N79,J79
T1,O79,N79
T1,Q79,J79
T1,Q79,J79
T1,Q79,E79
T1,Q79,'Prix Matiere'!$A$4
T1,Q79,$L$60
T1,R79,J79
T1,R79,Q79
T1,R79,E79
T1,R79,'Prix Matiere'!$A$4
T1,R79,$L$60
T1,C80,F80
T1,C80,C83
T1,C80,C17
T1,C80,B142
T1,C80,Q148
T1,D80,F80
T1,D80,D83
T1,E80,C17
T1,E80,B142
T1,E80,Q148
T1,F80,$C$17
T1,F80,B142
T1,F80,Q148
T1,J80,C80
T1,J80,C80
T1,J80,D80
T1,J80,F80
T1,K80,J80
T1,L80,E80
T1,L80,E80
T1,L80,'Prix Matiere'!A5
T1,L80,J61
T1,M80,L80
T1,M80,K80
T1,N80,J80
T1,N80,J80
T1,O80,N80
T1,Q80,J80
T1,Q80,J80
T1,Q80,E80
T1,Q80,'Prix Matiere'!$A$4
T1,Q80,$L$60
T1,R80,J80
T1,R80,Q80
T1,R80,E80
T1,R80,'Prix Matiere'!$A$4
T1,R80,$L$60
T1,C81,F81
T1,C81,E83
T1,D81,F81
T1,D81,D83
T1,E81,C17
T1,E81,B142
T1,E81,Q148
T1,F81,$C$17
T1,F81,B142
T1,F81,Q148
T1,J81,C81
T1,J81,C81
T1,J81,D81
T1,J81,F81
T1,K81,J81
T1,L81,E81
T1,L81,E81
T1,L81,'Prix Matiere'!A6
T1,L81,J62
T1,M81,L81
T1,M81,K81
T1,N81,J81
T1,N81,J81
T1,O81,N81
T1,Q81,J81
T1,Q81,J81
T1,Q81,E81
T1,Q81,'Prix Matiere'!$A$4
T1,Q81,$L$60
T1,R81,J81
T1,R81,Q81
T1,R81,E81
T1,R81,'Prix Matiere'!$A$4
T1,R81,$L$60
T1,C83,C76
T1,C83,C17
T1,C83,B142
T1,C83,Q148
T1,D83,D76
T1,D83,C17
T1,D83,B142
T1,D83,Q148
T1,E83,E76
T1,E83,C17
T1,E83,B142
T1,E83,Q148
T1,J84,C84
T1,J84,C84
T1,J84,D84
T1,J84,F84
T1,K84,J84
T1,C86,F86
T1,C86,C89
T1,D86,F86
T1,E86,C17
T1,E86,B142
T1,E86,Q148
T1,F86,C17
T1,F86,B142
T1,F86,Q148
T1,J86,C86
T1,J86,C86
T1,J86,D86
T1,J86,F86
T1,K86,J86
T1,L86,E86
T1,L86,E86
T1,L86,'Prix Matiere'!$A$4
T1,L86,$J$65
T1,M86,L86
T1,M86,K86
T1,N86,J86
T1,N86,J86
T1,O86,N86
T1,Q86,J86
T1,Q86,J86
T1,Q86,E86
T1,Q86,'Prix Matiere'!$A$4
T1,Q86,$L$60
T1,R86,J86
T1,R86,Q86
T1,R86,E86
T1,R86,'Prix Matiere'!$A$4
T1,R86,$L$60
T1,C87,F87
T1,C87,D83
T1,D87,F86
T1,D87,D86
T1,E87,C17
T1,E87,B142
T1,E87,Q148
T1,F87,C17
T1,F87,B142
T1,F87,Q148
T1,J87,C87
T1,J87,C87
T1,J87,D87
T1,J87,F87
T1,K87,J87
T1,L87,E87
T1,L87,E87
T1,L87,'Prix Matiere'!$A$4
T1,L87,$J$65
T1,M87,L87
T1,M87,K87
T1,N87,J87
T1,N87,J87
T1,O87,N87
T1,Q87,J87
T1,Q87,J87
T1,Q87,E87
T1,Q87,'Prix Matiere'!$A$4
T1,Q87,$L$60
T1,R87,J87
T1,R87,Q87
T1,R87,E87
T1,R87,'Prix Matiere'!$A$4
T1,R87,$L$60
T1,J88,C88
T1,J88,C88
T1,J88,D88
T1,J88,F88
T1,K88,J88
T1,R88,J88
T1,R88,Q88
T1,R88,E88
T1,R88,'Prix Matiere'!$A$4
T1,R88,$L$60
T1,C89,C83
T1,C89,$C$17
T1,C89,B142
T1,C89,Q148
T1,D89,D83
T1,D89,$C$17
T1,D89,B142
T1,D89,Q148
T1,E89,E83
T1,E89,$C$17
T1,E89,B142
T1,E89,Q148
T1,J89,C89
T1,J89,C89
T1,J89,D89
T1,J89,F89
T1,K89,J89
T1,J90,C90
T1,J90,C90
T1,J90,D90
T1,J90,F90
T1,K90,J90
T1,C92,F92
T1,C92,C96
T1,C92,$C$17
T1,C92,B142
T1,C92,Q148
T1,D92,F92
T1,D92,E96
T1,D92,$C$17
T1,D92,B142
T1,D92,Q148
T1,E92,$C$17
T1,E92,B142
T1,E92,Q148
T1,F92,$C$17
T1,F92,B142
T1,F92,Q148
T1,J92,C92
T1,J92,C92
T1,J92,D92
T1,J92,F92
T1,K92,J92
T1,L92,E92
T1,L92,E92
T1,L92,'Prix Matiere'!A4
T1,L92,J60
T1,M92,L92
T1,M92,K92
T1,N92,J92
T1,N92,J92
T1,O92,N92
T1,Q92,J92
T1,Q92,J92
T1,Q92,E92
T1,Q92,'Prix Matiere'!$A$4
T1,Q92,$L$60
T1,R92,J92
T1,R92,Q92
T1,R92,E92
T1,R92,'Prix Matiere'!$A$4
T1,R92,$L$60
T1,C93,F93
T1,C93,C96
T1,C93,$C$17
T1,C93,B142
T1,C93,Q148
T1,D93,F93
T1,D93,D96
T1,E93,$C$17
T1,E93,B142
T1,E93,Q148
T1,F93,$C$17
T1,F93,B142
T1,F93,Q148
T1,J93,C93
T1,J93,C93
T1,J93,D93
T1,J93,F93
T1,K93,J93
T1,L93,E93
T1,L93,E93
T1,L93,'Prix Matiere'!A5
T1,L93,J61
T1,M93,L93
T1,M93,K93
T1,N93,J93
T1,N93,J93
T1,O93,N93
T1,Q93,J93
T1,Q93,J93
T1,Q93,E93
T1,Q93,'Prix Matiere'!$A$4
T1,Q93,$L$60
T1,R93,J93
T1,R93,Q93
T1,R93,E93
T1,R93,'Prix Matiere'!$A$4
T1,R93,$L$60
T1,C94,F94
T1,C94,E96
T1,D94,F94
T1,D94,D96
T1,E94,$C$17
T1,E94,B142
T1,E94,Q148
T1,F94,$C$17
T1,F94,B142
T1,F94,Q148
T1,J94,C94
T1,J94,C94
T1,J94,D94
T1,J94,F94
T1,K94,J94
T1,L94,E94
T1,L94,E94
T1,L94,'Prix Matiere'!A6
T1,L94,J62
T1,M94,L94
T1,M94,K94
T1,N94,J94
T1,N94,J94
T1,O94,N94
T1,Q94,J94
T1,Q94,J94
T1,Q94,E94
T1,Q94,'Prix Matiere'!$A$4
T1,Q94,$L$60
T1,R94,J94
T1,R94,Q94
T1,R94,E94
T1,R94,'Prix Matiere'!$A$4
T1,R94,$L$60
T1,J95,C95
T1,J95,C95
T1,J95,D95
T1,J95,F95
T1,K95,J95
T1,Q95,J95
T1,Q95,J95
T1,Q95,E95
T1,Q95,'Prix Matiere'!$A$4
T1,Q95,$L$60
T1,C96,C89
T1,C96,$C$17
T1,C96,B142
T1,C96,Q148
T1,D96,D89
T1,D96,$C$17
T1,D96,B142
T1,D96,Q148
T1,E96,E89
T1,E96,$C$17
T1,E96,B142
T1,E96,Q148
T1,J96,C96
T1,J96,C96
T1,J96,D96
T1,J96,F96
T1,K96,J96
T1,J97,C97
T1,J97,C97
T1,J97,D97
T1,J97,F97
T1,K97,J97
T1,J98,C98
T1,J98,C98
T1,J98,D98
T1,J98,F98
T1,K98,J98
T1,J99,C99
T1,J99,C99
T1,J99,D99
T1,J99,F99
T1,K99,J99
T1,B100,B34
T1,C100,B34
T1,C100,C96
T1,D100,B34
T1,D100,D29
T1,D100,B34
T1,D100,B169
T1,D100,M177
T1,E100,B34
T1,E100,B169
T1,E100,M177
T1,F100,B34
T1,F100,B34
T1,F100,B34
T1,J100,C100
T1,J100,C100
T1,J100,D100
T1,J100,F100
T1,K100,J100
T1,L100,E100
T1,L100,E100
T1,L100,'Prix Matiere'!$A$4
T1,L100,$J$65
T1,M100,L100
T1,M100,K100
T1,N100,J100
T1,N100,J100
T1,O100,N100
T1,Q100,J100
T1,Q100,J100
T1,Q100,E100
T1,Q100,'Prix Matiere'!$A$4
T1,Q100,$L$60
T1,R100,J100
T1,R100,Q100
T1,R100,E100
T1,R100,'Prix Matiere'!$A$4
T1,R100,$L$60
T1,B101,B34
T1,C101,B34
T1,C101,B34
T1,C101,B34
T1,C101,C29
T1,C101,C29
T1,D101,B34
T1,D101,B34
T1,D101,D100
T1,E101,B34
T1,E101,B34
T1,E101,B34
T1,E101,B169
T1,E101,M177
T1,F101,B34
T1,F101,B34
T1,F101,B34
T1,J101,C101
T1,J101,C101
T1,J101,D101
T1,J101,F101
T1,K101,J101
T1,L101,E101
T1,L101,E101
T1,L101,'Prix Matiere'!$A$4
T1,L101,$J$65
T1,M101,L101
T1,M101,K101
T1,N101,J101
T1,N101,J101
T1,O101,N101
T1,Q101,J101
T1,Q101,J101
T1,Q101,E101
T1,Q101,'Prix Matiere'!$A$4
T1,Q101,$L$60
T1,R101,J101
T1,R101,Q101
T1,R101,E101
T1,R101,'Prix Matiere'!$A$4
T1,R101,$L$60
T1,B102,B34
T1,B102,B38
T1,C102,C38
T1,D102,B34
T1,D102,B34
T1,D102,D101
T1,E102,B34
T1,E102,B34
T1,E102,B34
T1,E102,B102
T1,F102,F38
T1,J102,C102
T1,J102,C102
T1,J102,D102
T1,J102,F102
T1,K102,J102
T1,L102,E102
T1,L102,E102
T1,L102,'Prix Matiere'!$A$4
T1,L102,$J$65
T1,M102,L102
T1,M102,K102
T1,N102,J102
T1,N102,J102
T1,O102,N102
T1,Q102,J102
T1,Q102,J102
T1,Q102,E102
T1,Q102,'Prix Matiere'!$A$4
T1,Q102,$L$60
T1,R102,J102
T1,R102,Q102
T1,R102,E102
T1,R102,'Prix Matiere'!$A$4
T1,R102,$L$60
T1,B103,B34
T1,C103,B34
T1,C103,B34
T1,C103,C100
T1,C103,C101
T1,C103,F101
T1,C103,C102
T1,C103,F102
T1,C103,F102
T1,D103,B34
T1,D103,B34
T1,D103,D102
T1,E103,B34
T1,E103,B34
T1,E103,B34
T1,E103,B169
T1,E103,M177
T1,F103,B34
T1,F103,B34
T1,F103,B34
T1,F103,F102
T1,J103,C103
T1,J103,C103
T1,J103,D103
T1,J103,F103
T1,K103,J103
T1,L103,E103
T1,L103,E103
T1,L103,'Prix Matiere'!$A$4
T1,L103,$J$65
T1,M103,L103
T1,M103,K103
T1,N103,J103
T1,N103,J103
T1,O103,N103
T1,Q103,J103
T1,Q103,J103
T1,Q103,E103
T1,Q103,'Prix Matiere'!$A$4
T1,Q103,$L$60
T1,R103,J103
T1,R103,Q103
T1,R103,E103
T1,R103,'Prix Matiere'!$A$4
T1,R103,$L$60
T1,B104,B34
T1,C104,B34
T1,C104,B34
T1,C104,E96
T1,C104,B34
T1,C104,E96
T1,C104,E29
T1,C104,E29
T1,C104,F104
T1,D104,B34
T1,D104,D100
T1,D104,B34
T1,D104,D100
T1,D104,D103
T1,E104,B34
T1,E104,B169
T1,E104,M177
T1,F104,B34
T1,F104,B34
T1,F104,B34
T1,F104,E29
T1,J104,C104
T1,J104,C104
T1,J104,D104
T1,J104,F104
T1,K104,J104
T1,L104,E104
T1,L104,E104
T1,L104,'Prix Matiere'!$A$4
T1,L104,$J$65
T1,M104,L104
T1,M104,K104
T1,N104,J104
T1,N104,J104
T1,O104,N104
T1,Q104,J104
T1,Q104,J104
T1,Q104,E104
T1,Q104,'Prix Matiere'!$A$4
T1,Q104,$L$60
T1,R104,J104
T1,R104,Q104
T1,R104,E104
T1,R104,'Prix Matiere'!$A$4
T1,R104,$L$60
T1,B105,B34
T1,C105,B34
T1,C105,C29
T1,C105,B34
T1,C105,B169
T1,C105,M177
T1,D105,B34
T1,D105,E29
T1,D105,B34
T1,D105,B169
T1,D105,M177
T1,D105,B34
T1,D105,E29
T1,D105,B34
T1,D105,B169
T1,D105,M177
T1,D105,B34
T1,D105,E96
T1,D105,B34
T1,D105,E96
T1,D105,C37
T1,E105,B34
T1,E105,B169
T1,E105,M177
T1,F105,B34
T1,F105,B169
T1,F105,M177
T1,J105,C105
T1,J105,C105
T1,J105,D105
T1,J105,F105
T1,K105,J105
T1,L105,E105
T1,L105,E105
T1,L105,'Prix Matiere'!$A$4
T1,L105,$J$65
T1,M105,L105
T1,M105,K105
T1,N105,J105
T1,N105,J105
T1,O105,N105
T1,Q105,J105
T1,Q105,J105
T1,Q105,E105
T1,Q105,'Prix Matiere'!$A$4
T1,Q105,$L$60
T1,R105,J105
T1,R105,Q105
T1,R105,E105
T1,R105,'Prix Matiere'!$A$4
T1,R105,$L$60
T1,B106,B34
T1,C106,B34
T1,C106,B34
T1,C106,B34
T1,C106,B34
T1,C106,B34
T1,C106,E29
T1,C106,D105
T1,C106,B34
T1,C106,B169
T1,C106,M177
T1,D106,B34
T1,D106,C37
T1,E106,C106
T1,E106,B34
T1,E106,B169
T1,E106,M177
T1,F106,B34
T1,F106,B34
T1,F106,B34
T1,F106,B34
T1,J106,C106
T1,J106,C106
T1,J106,D106
T1,J106,F106
T1,K106,J106
T1,L106,E106
T1,L106,E106
T1,L106,'Prix Matiere'!$A$4
T1,L106,$J$65
T1,M106,L106
T1,M106,K106
T1,N106,J106
T1,N106,J106
T1,O106,N106
T1,Q106,J106
T1,Q106,J106
T1,Q106,E106
T1,Q106,'Prix Matiere'!$A$4
T1,Q106,$L$60
T1,R106,J106
T1,R106,Q106
T1,R106,E106
T1,R106,'Prix Matiere'!$A$4
T1,R106,$L$60
T1,B107,B34
T1,C107,B34
T1,C107,C29
T1,C107,B34
T1,C107,B169
T1,C107,M177
T1,D107,B34
T1,D107,E29
T1,D107,B34
T1,D107,B169
T1,D107,M177
T1,D107,B34
T1,D107,E29
T1,D107,B34
T1,D107,B169
T1,D107,M177
T1,D107,C36
T1,E107,B34
T1,E107,B169
T1,E107,M177
T1,F107,B34
T1,F107,B169
T1,F107,M177
T1,J107,C107
T1,J107,C107
T1,J107,D107
T1,J107,F107
T1,K107,J107
T1,L107,E107
T1,L107,E107
T1,L107,'Prix Matiere'!$A$4
T1,L107,$J$65
T1,M107,L107
T1,M107,K107
T1,N107,J107
T1,N107,J107
T1,O107,N107
T1,Q107,J107
T1,Q107,J107
T1,Q107,E107
T1,Q107,'Prix Matiere'!$A$4
T1,Q107,$L$60
T1,R107,J107
T1,R107,Q107
T1,R107,E107
T1,R107,'Prix Matiere'!$A$4
T1,R107,$L$60
T1,B108,B34
T1,C108,B34
T1,C108,B34
T1,C108,B34
T1,C108,B34
T1,C108,B34
T1,C108,E29
T1,C108,D107
T1,C108,B34
T1,C108,B169
T1,C108,M177
T1,D108,B34
T1,D108,B34
T1,D108,C36
T1,E108,C108
T1,E108,B34
T1,E108,B169
T1,E108,M177
T1,F108,B34
T1,F108,B34
T1,F108,B34
T1,F108,B34
T1,F108,B34
T1,J108,C108
T1,J108,C108
T1,J108,D108
T1,J108,F108
T1,K108,J108
T1,L108,E108
T1,L108,E108
T1,L108,'Prix Matiere'!$A$4
T1,L108,$J$65
T1,M108,L108
T1,M108,K108
T1,N108,J108
T1,N108,J108
T1,O108,N108
T1,Q108,J108
T1,Q108,J108
T1,Q108,E108
T1,Q108,'Prix Matiere'!$A$4
T1,Q108,$L$60
T1,R108,J108
T1,R108,Q108
T1,R108,E108
T1,R108,'Prix Matiere'!$A$4
T1,R108,$L$60
T1,B109,B34
T1,C109,C39
T1,C109,C29
T1,D109,C39
T1,D109,C39
T1,E109,C109
T1,E109,$E$39
T1,F109,C39
T1,J109,C109
T1,J109,C109
T1,J109,D109
T1,J109,F109
T1,K109,J109
T1,L109,E109
T1,L109,E109
T1,L109,'Prix Matiere'!$A$4
T1,L109,$J$65
T1,M109,L109
T1,M109,K109
T1,N109,J109
T1,N109,J109
T1,O109,N109
T1,Q109,J109
T1,Q109,J109
T1,Q109,E109
T1,Q109,'Prix Matiere'!$A$4
T1,Q109,$L$60
T1,R109,J109
T1,R109,Q109
T1,R109,E109
T1,R109,'Prix Matiere'!$A$4
T1,R109,$L$60
T1,B110,B34
T1,C110,C39
T1,C110,E29
T1,C110,D109
T1,D110,C28
T1,D110,D109
T1,E110,C110
T1,E110,$E$39
T1,F110,C39
T1,J110,C110
T1,J110,C110
T1,J110,D110
T1,J110,F110
T1,K110,J110
T1,L110,E110
T1,L110,E110
T1,L110,'Prix Matiere'!$A$4
T1,L110,$J$65
T1,M110,L110
T1,M110,K110
T1,N110,J110
T1,N110,J110
T1,O110,N110
T1,Q110,J110
T1,Q110,J110
T1,Q110,E110
T1,Q110,'Prix Matiere'!$A$4
T1,Q110,$L$60
T1,R110,J110
T1,R110,Q110
T1,R110,E110
T1,R110,'Prix Matiere'!$A$4
T1,R110,$L$60
T1,B111,B34
T1,C111,C41
T1,C111,C41
T1,D111,D41
T1,D111,D41
T1,E111,C111
T1,E111,$E$41
T1,F111,C41
T1,J111,C111
T1,J111,C111
T1,J111,D111
T1,J111,F111
T1,K111,J111
T1,L111,E111
T1,L111,E111
T1,L111,'Prix Matiere'!$A$4
T1,L111,$J$65
T1,M111,L111
T1,M111,K111
T1,N111,J111
T1,N111,J111
T1,O111,N111
T1,Q111,J111
T1,Q111,J111
T1,Q111,E111
T1,Q111,'Prix Matiere'!$A$4
T1,Q111,$L$60
T1,R111,J111
T1,R111,Q111
T1,R111,E111
T1,R111,'Prix Matiere'!$A$4
T1,R111,$L$60
T1,B112,B34
T1,C112,C42
T1,C112,C42
T1,D112,D42
T1,D112,D42
T1,E112,C112
T1,E112,$E$42
T1,F112,C42
T1,J112,C112
T1,J112,C112
T1,J112,D112
T1,J112,F112
T1,K112,J112
T1,L112,E112
T1,L112,E112
T1,L112,'Prix Matiere'!$A$4
T1,L112,$J$65
T1,M112,L112
T1,M112,K112
T1,N112,J112
T1,N112,J112
T1,O112,N112
T1,Q112,J112
T1,Q112,J112
T1,Q112,E112
T1,Q112,'Prix Matiere'!$A$4
T1,Q112,$L$60
T1,R112,J112
T1,R112,Q112
T1,R112,E112
T1,R112,'Prix Matiere'!$A$4
T1,R112,$L$60
T1,B113,B34
T1,C113,F113
T1,C113,C29
T1,C113,B34
T1,C113,B169
T1,C113,M177
T1,D113,F113
T1,D113,E29
T1,D113,B34
T1,D113,B167
T1,D113,M178
T1,E113,C113
T1,F113,B34
T1,F113,B169
T1,F113,M177
T1,J113,C113
T1,J113,C113
T1,J113,D113
T1,J113,F113
T1,K113,J113
T1,L113,E113
T1,M113,L113
T1,M113,K113
T1,N113,J113
T1,N113,J113
T1,O113,N113
T1,Q113,J113
T1,Q113,J113
T1,R113,J113
T1,R113,Q113
T1,R113,E113
T1,R113,'Prix Matiere'!$A$4
T1,R113,$L$60
T1,O114,N114
T1,Q114,J114
T1,Q114,J114
T1,R114,J114
T1,R114,Q114
T1,R114,E114
T1,R114,'Prix Matiere'!$A$4
T1,R114,$L$60
T1,C115,F23
T1,C115,F23
T1,M115,$F$23
T1,M115,$B$158
T1,M115,$E$161
T1,N115,M115
T1,O115,N115
T1,R115,J115
T1,R115,Q115
T1,R115,E115
T1,R115,'Prix Matiere'!$A$4
T1,R115,$L$60
T1,C116,$F$21
T1,K116,C116
T1,K116,K100
T1,K116,K112
T1,L116,C116
T1,M116,K116
T1,M116,L116
T1,N116,K116
T1,N116,K116
T1,O116,N116
T1,Q116,K116
T1,Q116,K116
T1,Q116,C116
T1,Q116,'Prix Matiere'!$A$4
T1,Q116,$L$60
T1,R116,J116
T1,R116,Q116
T1,R116,E116
T1,R116,'Prix Matiere'!$A$4
T1,R116,$L$60
T1,C117,F19
T1,J117,C117
T1,J117,C46
T1,J117,D46
T1,J117,C46
T1,J117,E46
T1,J117,D46
T1,J117,E46
T1,K117,J117
T1,L117,C117
T1,L117,C117
T1,L117,'Prix Matiere'!$A$4
T1,L117,$J$60
T1,M117,K117
T1,M117,L117
T1,N117,J117
T1,N117,C117
T1,N117,J117
T1,O117,N117
T1,Q117,J117
T1,Q117,J117
T1,Q117,C117
T1,Q117,'Prix Matiere'!$A$4
T1,Q117,$L$60
T1,R117,J117
T1,R117,Q117
T1,R117,C117
T1,R117,'Prix Matiere'!$A$4
T1,R117,$L$60
T1,C118,C19
T1,M118,C118
T1,M118,F4
T1,M118,F6
T1,N118,C118
T1,O118,N118
T1,Q118,J118
T1,Q118,J118
T1,C119,C21
T1,M119,C119
T1,M119,C119
T1,N119,C119
T1,N119,C119
T1,O119,N119
T1,Q119,J119
T1,Q119,J119
T1,L121,E121
T1,L121,E121
T1,L121,'Prix Matiere'!$A$4
T1,L121,$J$65
T1,M121,M58
T1,M121,M120
T1,N121,N58
T1,N121,N120
T1,O121,N121
T1,Q121,Q58
T1,Q121,Q119
T1,R121,R58
T1,R121,R119
T1,C122,$F$9
T1,C122,M121
T1,F122,K58
T1,F122,K60
T1,F122,K86
T1,F122,K87
T1,G122,M58
T1,G122,M60
T1,G122,M86
T1,G122,M87
T1,C123,$F$9
T1,C123,O121
T1,D123,$F$9
T1,D123,N121
T1,F123,K63
T1,F123,K69
T1,G123,M63
T1,G123,M69
T1,C124,$F$9
T1,C124,C122
T1,C124,C123
T1,C124,C122
T1,C124,C123
T1,F124,K79
T1,F124,K81
T1,F124,K92
T1,F124,K94
T1,G124,M79
T1,G124,M81
T1,G124,M92
T1,G124,M94
T1,C125,$F$9
T1,C125,C122
T1,C125,C124
T1,F125,K72
T1,F125,K74
T1,F125,K100
T1,F125,K112
T1,G125,M72
T1,G125,M74
T1,G125,M100
T1,G125,M112
T1,C126,$F$9
T1,C126,C125
T1,C126,C125
T1,D126,C125
T1,D126,C126
T1,F126,K113
T1,G126,M113
T1,C127,$F$10
T1,C127,C125
T1,C127,C126
T1,C127,C128
T1,C127,C125
T1,C127,C126
T1,C127,C125
T1,C127,C126
T1,C127,D127
T1,C127,C125
T1,C127,C126
T1,C128,$F$10
T1,C129,C125
T1,C129,C128
T1,G129,C122
T1,G129,G122
T1,G129,G126
T1,C170,$F$25
T1,D170,$F$25
T1,E170,$F$25
T1,F170,$F$25
T1,I170,$F$25
T1,J170,$F$25
T1,C171,$F$25
T1,D171,$F$25
T1,E171,$F$25
T1,F171,$F$25
T1,I171,$F$25
T1,J171,$F$25
T1,C172,$F$21
T1,D172,$F$21
T1,E172,$F$21
T1,F172,$F$21
T1,C173,$F$21
T1,D173,$F$21
T1,E173,$F$21
T1,F173,$F$21
T1,C174,$F$25
T1,D174,$F$25
T1,E174,$F$25
T1,F174,$F$25
T1,I174,$F$25
T1,J174,$F$25
T1,C175,$F$25
T1,D175,$F$25
T1,E175,$F$25
T1,F175,$F$25
T1,G175,$F$25
T1,I175,$F$25
T1,J175,$F$25
T1,C176,$F$25
T1,D176,$F$25
T1,E176,$F$25
T1,F176,$F$25
T1,I176,$F$25
T1,J176,$F$25
T1,C177,$F$25
T1,D177,$F$25
T1,E177,$F$25
T1,F177,$F$25
T1,I177,$F$25
T1,J177,$F$25
T1,C194,$F$10
T1,C194,'Infos Clients'!$B$2
T1,C194,$G$10
