sheet,cell,formula,cached_value
T1,E3,"=IF(C19=""Boulons et platines"",""Boulons et platines"",0)",0
T1,F3,"=IF(E3=""Boulons et Platines"",""Nbre de Trous"",0)",0
T1,G3,"=IF(E3=""Boulons et Platines"",""Dim du Bord"",0)",0
T1,E4,"=IF(C19=""Vis bois"",0,""Trous dans la Longueur"")",0
T1,F4,"=IF(E4=0,0,IF(C58<100,2,IF(C58<150,3,IF(C58<200,4,IF(C58<250,5,IF(C58<300,6,7))))))",0
T1,G4,"=IF(F4=0,0,IF(F4=3,0,(($C$58-32)/(F4-1))+16))",0
T1,E5,"=IF(F4=6,""2ème Trou"",IF(F4=7,""2ème Trou"",0))",0
T1,G5,"=IF(E5=0,0,G4+G4-16)",0
T1,E6,"=IF(C19=""Vis bois"",0,""Trous dans la Hauteur"")",0
T1,F6,"=IF(E6=0,0,IF(D58<100,2,IF(D58<150,3,IF(D58<200,4,IF(D58<250,5,IF(D58<310,6,7))))))",0
T1,G6,"=IF(F6=0,0,IF(F6=3,0,(($D$58-32)/(F6-1))+16))",0
T1,E7,"=IF(F6=6,""2ème Trou"",IF(F6=7,""2ème Trou"",0))",0
T1,G7,"=IF(E7=0,0,G6+G6-16)",0
T1,E20,"=IF(F19=""Oui"",""Type de Peinture"",0)",0
T1,F20,"=IF(F19=""Non"",0,VLOOKUP(F10,'Infos Clients'!B2:E10,4))",0
T1,B26,"=IF(F23=""Aucun"","" "",F23)", 
T1,D26,"=IF(F21=""Oui"",""+"",0)",0
T1,E26,"=IF(F21=""Oui"",""Mousse Garnie Tyvek"",0)",0
T1,B28,"=IF(B34=""Aucun"",""Dimensions intérieures utiles"",""Dimensions de l'œuvre"")",Dimensions de l'œuvre
T1,C38,"=+IF(C29=0,0,IF(C29>70,12,6))",12
T1,F38,"=IF(C29>300,6,IF(C29>250,5,IF(C29>200,4,IF(C29>150,3,IF(C29>120,3,2)))))",2
T1,C44,"=C29+VLOOKUP(C17,B142:Q148,2)+VLOOKUP(B34,B169:M177,2)",110.2
T1,D44,"=D29+VLOOKUP($B$34,B169:M177,3)+VLOOKUP($C$17,B142:Q148,3)",16
T1,E44,"=E29+VLOOKUP($B$34,B169:M177,4)+VLOOKUP($C$17,B142:Q148,4)",110.2
T1,C46,"=C44+VLOOKUP(C21,B153:C156,2)+VLOOKUP(C13,B132:F134,5)*2+VLOOKUP(C15,B136:E137,4)*2",121.60000000000001
T1,D46,"=IF(OR($F$23=""Aucun"",$F$23=""Stabilisateur""),$D$44+VLOOKUP($C$13,$B$132:$F$134,4)*2+VLOOKUP($C$15,$B$136:$E$137,4)*2+0.5,$E$44+VLOOKUP($C$13,$B$132:$F$134,5)*2+VLOOKUP($C$15,$B$136:$E$137,4)*2)",23.7
T1,E46,"=IF(OR($F$23=""Aucun"",$F$23=""Stabilisateur""),$E$44+VLOOKUP($C$13,$B$132:$F$134,5)*2+VLOOKUP($C$15,$B$136:$E$137,4)*2+VLOOKUP($C$23,$B$185:$C$187,2),$D$44+VLOOKUP($C$13,$B$132:$F$134,4)*2+VLOOKUP($C$15,$B$136:$E$137,4)*2+VLOOKUP($C$23,$B$185:$C$187,2)+VLOOKUP($F$23,$B$158:$E$161,4)+0.5)",120.4
T1,F46,"=ROUNDUP(C129,0)",386
T1,C48,=Q121,40.93123020000001
T1,C49,=D123,120.02948740480004
T1,E49,=R121,29.294938269600003
T1,C58,"=IF(C44=0,0,C44+2*(VLOOKUP(E59,B132:E134,4)+VLOOKUP(C15,B136:E137,4)))",117.4
T1,D58,"=IF(E44=0,0,E44+2*(VLOOKUP(E60,B132:E134,4)+VLOOKUP(C15,B136:E137,4)))",117.4
T1,E58,"=VLOOKUP($C$13,$B$132:$E$134,2)",Peuplier 15 mm
T1,J58,"=IF(C58=0,0,(C58/100)*(D58/100)*F58)",2.7565520000000006
T1,K58,=J58/0.8,3.4456900000000004
T1,L58,"=IF(E58=0,0,VLOOKUP(E58,'Prix Matiere'!$A$4:$J$65,10))",16.895876288659796
T1,M58,"=L58*K58-IF($F$15=""Non"",K58*0.75,0)",58.21795196907218
T1,N58,"=IF(J58=0,0,IF($F$15=""Oui"",(7.0924*J58)+15,(6.0924*J58)+10))",34.5505694048
T1,O58,=N58*MinuteMO,29.36798399408
T1,Q58,"=IF(J58=0,0,J58*VLOOKUP(E58,'Prix Matiere'!$A$4:$L$60,12))",18.193243200000005
T1,R58,"=IF(J58=0,0,Q58*VLOOKUP(E58,'Prix Matiere'!$A$4:$L$60,11))",14.063376993600004
T1,C59,=C58,117.4
T1,D59,=D44,16
T1,E59,"=VLOOKUP($C$13,$B$132:$E$134,3)",Peuplier 15 mm
T1,J59,"=IF(C59=0,0,(C59/100)*(D59/100)*F59)",0.37568000000000007
T1,K59,=J59/0.8,0.4696000000000001
T1,L59,"=IF(E59=0,0,VLOOKUP(E59,'Prix Matiere'!$A$4:$J$65,10))",16.895876288659796
T1,M59,"=L59*K59-IF($F$15=""Non"",K59*0.75,0)",7.934303505154642
T1,N59,"=IF(J59=0,0,IF($F$15=""Oui"",(7.0924*J59)+15,(6.0924*J59)+10))",17.664472832
T1,O59,=N59*MinuteMO,15.0148019072
T1,Q59,"=IF(J59=0,0,J59*VLOOKUP(E59,'Prix Matiere'!$A$4:$L$60,12))",2.479488000000001
T1,R59,"=IF(J59=0,0,Q59*VLOOKUP(E59,'Prix Matiere'!$A$4:$L$60,11))",1.9166442240000006
T1,C60,=E44,110.2
T1,D60,=D44,16
T1,E60,"=VLOOKUP($C$13,$B$132:$E$134,3)",Peuplier 15 mm
T1,J60,"=IF(C60=0,0,(C60/100)*(D60/100)*F60)",0.35264
T1,K60,=J60/0.8,0.44079999999999997
T1,L60,"=IF(E60=0,0,VLOOKUP(E60,'Prix Matiere'!$A$4:$J$65,10))",16.895876288659796
T1,M60,"=L60*K60-IF($F$15=""Non"",K60*0.75,0)",7.447702268041238
T1,N60,"=IF(J60=0,0,IF($F$15=""Oui"",(7.0924*J60)+15,(6.0924*J60)+10))",17.501063936
T1,O60,=N60*MinuteMO,14.8759043456
T1,Q60,"=IF(J60=0,0,J60*VLOOKUP(E60,'Prix Matiere'!$A$4:$L$60,12))",2.327424
T1,R60,"=IF(J60=0,0,Q60*VLOOKUP(E60,'Prix Matiere'!$A$4:$L$60,11))",1.7990987520000001
T1,J61,"=IF(C61=0,0,(C61/100)*(D61/100)*F61)",0
T1,K61,=J61/0.8,0
T1,J62,"=IF(C62=0,0,(C62/100)*(D62/100)*F62)",0
T1,K62,=J62/0.8,0
T1,C63,=C58,117.4
T1,D63,"=IF(D58>80,9.4,7)",9.4
T1,E63,"=IF($C$15=""Pin raboté 4 faces"",""Barres 21 R4F"",""Barres 19 mm"")",Barres 21 R4F
T1,J63,"=IF(C63=0,0,(C63/100)*(D63/100)*F63)",0.44142400000000004
T1,K63,=J63/0.8,0.55178
T1,L63,"=IF(E63=0,0,VLOOKUP(E63,'Prix Matiere'!$A$4:$J$65,10))",18.969072164948454
T1,M63,=L63*K63,10.466754639175258
T1,N63,"=IF(J63=0,0,1+(11*J63))",5.855664000000001
T1,O63,=N63*MinuteMO,4.977314400000001
T1,Q63,"=IF(J63=0,0,J63*VLOOKUP(E63,'Prix Matiere'!$A$4:$L$60,12))",4.41424
T1,R63,"=IF(J63=0,0,Q63*VLOOKUP(E63,'Prix Matiere'!$A$4:$L$60,11))",2.13649216
T1,C64,"=IF(D58=0,0,D58-2*D63)",98.60000000000001
T1,D64,=D63,9.4
T1,E64,"=IF($C$15=""Pin raboté 4 faces"",""Barres 21 R4F"",""Barres 19 mm"")",Barres 21 R4F
T1,F64,=4,4
T1,J64,"=IF(C64=0,0,(C64/100)*(D64/100)*F64)",0.37073600000000007
T1,K64,=J64/0.8,0.46342000000000005
T1,L64,"=IF(E64=0,0,VLOOKUP(E64,'Prix Matiere'!$A$4:$J$65,10))",18.969072164948454
T1,M64,=L64*K64,8.790647422680413
T1,N64,"=IF(J64=0,0,1+(11*J64))",5.078096
T1,O64,=N64*MinuteMO,4.316381600000001
T1,Q64,"=IF(J64=0,0,J64*VLOOKUP(E64,'Prix Matiere'!$A$4:$L$60,12))",3.7073600000000004
T1,R64,"=IF(J64=0,0,Q64*VLOOKUP(E64,'Prix Matiere'!$A$4:$L$60,11))",1.79436224
T1,C65,=C63,117.4
T1,D65,"=IF($D$44<14.4,$D$44,7)",7
T1,E65,"=IF($C$15=""Pin raboté 4 faces"",""Barres 21 R4F"",""Barres 19 mm"")",Barres 21 R4F
T1,F65,"=IF(D44<14.4,2,4)",4
T1,J65,"=IF(C65=0,0,(C65/100)*(D65/100)*F65)",0.32872000000000007
T1,K65,=J65/0.8,0.41090000000000004
T1,L65,"=IF(E65=0,0,VLOOKUP(E65,'Prix Matiere'!$A$4:$J$65,10))",18.969072164948454
T1,M65,=L65*K65,7.7943917525773205
T1,N65,"=IF(J65=0,0,1+(11*J65))",4.615920000000001
T1,O65,=N65*MinuteMO,3.9235320000000007
T1,Q65,"=IF(J65=0,0,J65*VLOOKUP(E65,'Prix Matiere'!$A$4:$L$60,12))",3.287200000000001
T1,R65,"=IF(J65=0,0,Q65*VLOOKUP(E65,'Prix Matiere'!$A$4:$L$60,11))",1.5910048000000003
T1,B66,=C23,Skis
T1,C66,"=IF(C58=0,0,IF(B66=""Skis"",C58-10,IF(B66=""10 dessous en semelles"",D46,IF(B66=""10 dessous en skis"",(C63-70)/2))))",107.4
T1,D66,"=IF($F$10=""BOVIS"",9.4,7)",7
T1,E66,"=IF($C$23=""Skis"",""Barres 30 R4F"",""Semelles R4F"")",Barres 30 R4F
T1,F66,"=IF(B66=""Skis"",2,IF(B66=""10 dessous en semelles"",2,F65))",2
T1,J66,"=IF(C66=0,0,(C66/100)*(D66/100)*F66)",0.15036000000000002
T1,K66,=J66/0.8,0.18795
T1,L66,"=IF(E66=0,0,VLOOKUP(E66,'Prix Matiere'!$A$4:$J$65,10))",45.43298969072164
T1,M66,=L66*K66,8.539130412371133
T1,N66,"=IF(J66=0,0,1+(11*J66))",2.6539600000000005
T1,O66,=N66*MinuteMO,2.2558660000000006
T1,Q66,"=IF(J66=0,0,J66*VLOOKUP(E66,'Prix Matiere'!$A$4:$L$60,12))",1.5036000000000003
T1,R66,"=IF(J66=0,0,Q66*VLOOKUP(E66,'Prix Matiere'!$A$4:$L$60,11))",0.7277424000000001
T1,C67,"=IF(D44<14.4,0,D44)",16
T1,D67,"=IF(D44<14.4,0,D63)",9.4
T1,E67,"=IF($C$15=""Pin raboté 4 faces"",""Barres 21 R4F"",""Barres 19 mm"")",Barres 21 R4F
T1,F67,"=IF(D44<14.4,0,4)",4
T1,J67,"=IF(C67=0,0,(C67/100)*(D67/100)*F67)",0.06016
T1,K67,=J67/0.8,0.07519999999999999
T1,L67,"=IF(E67=0,0,VLOOKUP(E67,'Prix Matiere'!$A$4:$J$65,10))",18.969072164948454
T1,M67,=L67*K67,1.4264742268041235
T1,N67,"=IF(J67=0,0,1+(11*J67))",1.6617600000000001
T1,O67,=N67*MinuteMO,1.412496
T1,Q67,"=IF(J67=0,0,J67*VLOOKUP(E67,'Prix Matiere'!$A$4:$L$60,12))",0.6016
T1,R67,"=IF(J67=0,0,Q67*VLOOKUP(E67,'Prix Matiere'!$A$4:$L$60,11))",0.2911744
T1,C68,"=IF(D44<14.4,E44,C60-2*D67)",91.4
T1,D68,"=IF($D$44<14.4,$D$44,IF($D$44<20,5,7))",5
T1,E68,"=IF($C$15=""Pin raboté 4 faces"",""Barres 21 R4F"",""Barres 19 mm"")",Barres 21 R4F
T1,F68,"=IF(D44<14.4,2,4)",4
T1,J68,"=IF(C68=0,0,(C68/100)*(D68/100)*F68)",0.18280000000000002
T1,K68,=J68/0.8,0.2285
T1,L68,"=IF(E68=0,0,VLOOKUP(E68,'Prix Matiere'!$A$4:$J$65,10))",18.969072164948454
T1,M68,=L68*K68,4.334432989690722
T1,N68,"=IF(J68=0,0,1+(11*J68))",3.0108
T1,O68,=N68*MinuteMO,2.55918
T1,Q68,"=IF(J68=0,0,J68*VLOOKUP(E68,'Prix Matiere'!$A$4:$L$60,12))",1.8280000000000003
T1,R68,"=IF(J68=0,0,Q68*VLOOKUP(E68,'Prix Matiere'!$A$4:$L$60,11))",0.8847520000000001
T1,B69,"=IF(D44<14.4,0,IF(C21=""Bois"",""Poignées"",IF(C21=""Métal x 2 sur bouts"",""Supports poignées"",0)))",Poignées
T1,C69,"=IF(B69=""Poignées"",D60+VLOOKUP(C13,B132:E134,4)*2+4.2,IF(B69=""Supports poignées"",D60-2*D68,0))",23.2
T1,D69,"=IF(B69=""Poignées"",7,IF(B69=""Supports poignées"",9.4,0))",7
T1,F69,"=IF(B69=0,0,2)",2
T1,J69,"=IF(C69=0,0,(C69/100)*(D69/100)*F69)",0.03248
T1,K69,=J69/0.8,0.0406
T1,L69,"=IF(E69=0,0,VLOOKUP(E69,'Prix Matiere'!$A$4:$J$65,10))",18.969072164948454
T1,M69,=L69*K69,0.7701443298969072
T1,N69,"=IF(J69=0,0,1+(11*J69))",1.35728
T1,O69,=N69*MinuteMO,1.153688
T1,Q69,"=IF(J69=0,0,J69*VLOOKUP(E69,'Prix Matiere'!$A$4:$L$60,12))",0.32480000000000003
T1,R69,"=IF(J69=0,0,Q69*VLOOKUP(E69,'Prix Matiere'!$A$4:$L$60,11))",0.15720320000000002
T1,C72,"=IF(F72=0,0,C44)",0
T1,D72,"=IF(F72=0,0,E76+VLOOKUP($C$17,B142:Q148,5))",0
T1,E72,"=VLOOKUP($C$17,B142:Q148,6)",0
T1,F72,"=VLOOKUP($C$17,B142:Q148,7)",0
T1,J72,"=IF(C72=0,0,(C72/100)*(D72/100)*F72)",0
T1,K72,=J72/0.8,0
T1,L72,"=IF(E72=0,0,VLOOKUP(E72,'Prix Matiere'!$A$4:$J$65,10))",0
T1,M72,=L72*K72,0
T1,N72,"=IF(J72=0,0,(4.7283*J72)+3)",0
T1,O72,=N72*MinuteMO,0
T1,Q72,"=IF(J72=0,0,J72*VLOOKUP(E72,'Prix Matiere'!$A$4:$L$60,12))",0
T1,R72,"=IF(J72=0,0,Q72*VLOOKUP(E72,'Prix Matiere'!$A$4:$L$60,11))",0
T1,C73,"=IF(F73=0,0,C44)",0
T1,D73,"=IF(F73=0,0,D76)",0
T1,E73,"=IF($C$17=""Aucun"",0,VLOOKUP($C$17,B142:Q148,6))",0
T1,F73,"=VLOOKUP($C$17,B142:Q148,7)",0
T1,J73,"=IF(C73=0,0,(C73/100)*(D73/100)*F73)",0
T1,K73,=J73/0.8,0
T1,L73,"=IF(E73=0,0,VLOOKUP(E73,'Prix Matiere'!$A$4:$J$65,10))",0
T1,M73,=L73*K73,0
T1,N73,"=IF(J73=0,0,(4.7283*J73)+3)",0
T1,O73,=N73*MinuteMO,0
T1,Q73,"=IF(J73=0,0,J73*VLOOKUP(E73,'Prix Matiere'!$A$4:$L$60,12))",0
T1,R73,"=IF(J73=0,0,Q73*VLOOKUP(E73,'Prix Matiere'!$A$4:$L$60,11))",0
T1,C74,"=IF(F74=0,0,E76)",0
T1,D74,"=IF(F74=0,0,D76)",0
T1,E74,"=IF($C$17=""Aucun"",0,VLOOKUP($C$17,B142:Q148,6))",0
T1,F74,"=VLOOKUP($C$17,B142:Q148,7)",0
T1,J74,"=IF(C74=0,0,(C74/100)*(D74/100)*F74)",0
T1,K74,=J74/0.8,0
T1,L74,"=IF(E74=0,0,VLOOKUP(E74,'Prix Matiere'!$A$4:$J$65,10))",0
T1,M74,=L74*K74,0
T1,N74,"=IF(J74=0,0,(4.7283*J74)+3)",0
T1,O74,=N74*MinuteMO,0
T1,Q74,"=IF(J74=0,0,J74*VLOOKUP(E74,'Prix Matiere'!$A$4:$L$60,12))",0
T1,R74,"=IF(J74=0,0,Q74*VLOOKUP(E74,'Prix Matiere'!$A$4:$L$60,11))",0
T1,C76,"=C44-VLOOKUP(C17,B142:Q148,5)",110.2
T1,D76,"=D44-VLOOKUP(C17,B142:Q148,5)",16
T1,E76,"=E44-VLOOKUP(C17,B142:Q148,5)",110.2
T1,C79,"=IF(F79=0,0,C83+VLOOKUP(C17,B142:Q148,8))-0.5",-0.5
T1,D79,"=IF(F79=0,0,E83+VLOOKUP(C17,B142:Q148,8))-0.5",-0.5
T1,E79,"=VLOOKUP(C17,B142:Q148,9)",0
T1,F79,"=VLOOKUP($C$17,B142:Q148,10)",0
T1,J79,"=IF(C79=0,0,(C79/100)*(D79/100)*F79)",0
T1,K79,=J79/0.8,0
T1,L79,"=IF(E79=0,0,VLOOKUP(E79,'Prix Matiere'!A4:J60,10))",0
T1,M79,=L79*K79,0
T1,N79,"=IF(J79=0,0,(3.94*J79)+5)",0
T1,O79,=N79*MinuteMO,0
T1,Q79,"=IF(J79=0,0,J79*VLOOKUP(E79,'Prix Matiere'!$A$4:$L$60,12))",0
T1,R79,"=IF(J79=0,0,Q79*VLOOKUP(E79,'Prix Matiere'!$A$4:$L$60,11))",0
T1,C80,"=IF(F80=0,0,C83+VLOOKUP(C17,B142:Q148,8))",0
T1,D80,"=IF(F80=0,0,D83)",0
T1,E80,"=VLOOKUP(C17,B142:Q148,9)",0
T1,F80,"=VLOOKUP($C$17,B142:Q148,10)",0
T1,J80,"=IF(C80=0,0,(C80/100)*(D80/100)*F80)",0
T1,K80,=J80/0.8,0
T1,L80,"=IF(E80=0,0,VLOOKUP(E80,'Prix Matiere'!A5:J61,10))",0
T1,M80,=L80*K80,0
T1,N80,"=IF(J80=0,0,(3.94*J80)+5)",0
T1,O80,=N80*MinuteMO,0
T1,Q80,"=IF(J80=0,0,J80*VLOOKUP(E80,'Prix Matiere'!$A$4:$L$60,12))",0
T1,R80,"=IF(J80=0,0,Q80*VLOOKUP(E80,'Prix Matiere'!$A$4:$L$60,11))",0
T1,C81,"=IF(F81=0,0,E83)",0
T1,D81,"=IF(F81=0,0,D83)",0
T1,E81,"=VLOOKUP(C17,B142:Q148,9)",0
T1,F81,"=VLOOKUP($C$17,B142:Q148,10)",0
T1,J81,"=IF(C81=0,0,(C81/100)*(D81/100)*F81)",0
T1,K81,=J81/0.8,0
T1,L81,"=IF(E81=0,0,VLOOKUP(E81,'Prix Matiere'!A6:J62,10))",0
T1,M81,=L81*K81,0
T1,N81,"=IF(J81=0,0,(3.94*J81)+5)",0
T1,O81,=N81*MinuteMO,0
T1,Q81,"=IF(J81=0,0,J81*VLOOKUP(E81,'Prix Matiere'!$A$4:$L$60,12))",0
T1,R81,"=IF(J81=0,0,Q81*VLOOKUP(E81,'Prix Matiere'!$A$4:$L$60,11))",0
T1,C83,"=C76-VLOOKUP(C17,B142:Q148,8)",110.2
T1,D83,"=D76-VLOOKUP(C17,B142:Q148,8)",16
T1,E83,"=E76-VLOOKUP(C17,B142:Q148,8)",110.2
T1,J84,"=IF(C84=0,0,(C84/100)*(D84/100)*F84)",0
T1,K84,=J84/0.8,0
T1,C86,"=IF(F86=0,0,C89)",0
T1,D86,"=IF(F86=0,0,10)",0
T1,E86,"=VLOOKUP(C17,B142:Q148,12)",0
T1,F86,"=VLOOKUP(C17,B142:Q148,13)",0
T1,J86,"=IF(C86=0,0,(C86/100)*(D86/100)*F86)",0
T1,K86,=J86/0.8,0
T1,L86,"=IF(E86=0,0,VLOOKUP(E86,'Prix Matiere'!$A$4:$J$65,10))",0
T1,M86,=L86*K86,0
T1,N86,"=IF(J86=0,0,1+(6*J86))",0
T1,O86,=N86*MinuteMO,0
T1,Q86,"=IF(J86=0,0,J86*VLOOKUP(E86,'Prix Matiere'!$A$4:$L$60,12))",0
T1,R86,"=IF(J86=0,0,Q86*VLOOKUP(E86,'Prix Matiere'!$A$4:$L$60,11))",0
T1,C87,"=IF(F87=0,0,D83)",0
T1,D87,"=IF(F86=0,0,D86)",0
T1,E87,"=VLOOKUP(C17,B142:Q148,12)",0
T1,F87,"=VLOOKUP(C17,B142:Q148,13)*2",0
T1,J87,"=IF(C87=0,0,(C87/100)*(D87/100)*F87)",0
T1,K87,=J87/0.8,0
T1,L87,"=IF(E87=0,0,VLOOKUP(E87,'Prix Matiere'!$A$4:$J$65,10))",0
T1,M87,=L87*K87,0
T1,N87,"=IF(J87=0,0,1+(6*J87))",0
T1,O87,=N87*MinuteMO,0
T1,Q87,"=IF(J87=0,0,J87*VLOOKUP(E87,'Prix Matiere'!$A$4:$L$60,12))",0
T1,R87,"=IF(J87=0,0,Q87*VLOOKUP(E87,'Prix Matiere'!$A$4:$L$60,11))",0
T1,J88,"=IF(C88=0,0,(C88/100)*(D88/100)*F88)",0
T1,K88,=J88/0.8,0
T1,R88,"=IF(J88=0,0,Q88*VLOOKUP(E88,'Prix Matiere'!$A$4:$L$60,11))",0
T1,C89,"=C83-VLOOKUP($C$17,B142:Q148,11)",110.2
T1,D89,"=D83-VLOOKUP($C$17,B142:Q148,11)",16
T1,E89,"=E83-VLOOKUP($C$17,B142:Q148,11)",110.2
T1,J89,"=IF(C89=0,0,(C89/100)*(D89/100)*F89)",0
T1,K89,=J89/0.8,0
T1,J90,"=IF(C90=0,0,(C90/100)*(D90/100)*F90)",0
T1,K90,=J90/0.8,0
T1,C92,"=IF(F92=0,0,C96+VLOOKUP($C$17,B142:Q148,14))",0
T1,D92,"=IF(F92=0,0,E96+VLOOKUP($C$17,B142:Q148,14))",0
T1,E92,"=VLOOKUP($C$17,B142:Q148,15)",0
T1,F92,"=VLOOKUP($C$17,B142:Q148,16)",0
T1,J92,"=IF(C92=0,0,(C92/100)*(D92/100)*F92)",0
T1,K92,=J92/0.8,0
T1,L92,"=IF(E92=0,0,VLOOKUP(E92,'Prix Matiere'!A4:J60,10))",0
T1,M92,=L92*K92,0
T1,N92,"=IF(J92=0,0,(3.94*J92)+5)",0
T1,O92,=N92*MinuteMO,0
T1,Q92,"=IF(J92=0,0,J92*VLOOKUP(E92,'Prix Matiere'!$A$4:$L$60,12))",0
T1,R92,"=IF(J92=0,0,Q92*VLOOKUP(E92,'Prix Matiere'!$A$4:$L$60,11))",0
T1,C93,"=IF(F93=0,0,C96+VLOOKUP($C$17,B142:Q148,14))",0
T1,D93,"=IF(F93=0,0,D96)",0
T1,E93,"=VLOOKUP($C$17,B142:Q148,15)",0
T1,F93,"=VLOOKUP($C$17,B142:Q148,16)",0
T1,J93,"=IF(C93=0,0,(C93/100)*(D93/100)*F93)",0
T1,K93,=J93/0.8,0
T1,L93,"=IF(E93=0,0,VLOOKUP(E93,'Prix Matiere'!A5:J61,10))",0
T1,M93,=L93*K93,0
T1,N93,"=IF(J93=0,0,(3.94*J93)+5)",0
T1,O93,=N93*MinuteMO,0
T1,Q93,"=IF(J93=0,0,J93*VLOOKUP(E93,'Prix Matiere'!$A$4:$L$60,12))",0
T1,R93,"=IF(J93=0,0,Q93*VLOOKUP(E93,'Prix Matiere'!$A$4:$L$60,11))",0
T1,C94,"=IF(F94=0,0,E96)",0
T1,D94,"=IF(F94=0,0,D96)",0
T1,E94,"=VLOOKUP($C$17,B142:Q148,15)",0
T1,F94,"=VLOOKUP($C$17,B142:Q148,16)",0
T1,J94,"=IF(C94=0,0,(C94/100)*(D94/100)*F94)",0
T1,K94,=J94/0.8,0
T1,L94,"=IF(E94=0,0,VLOOKUP(E94,'Prix Matiere'!A6:J62,10))",0
T1,M94,=L94*K94,0
T1,N94,"=IF(J94=0,0,(3.94*J94)+5)",0
T1,O94,=N94*MinuteMO,0
T1,Q94,"=IF(J94=0,0,J94*VLOOKUP(E94,'Prix Matiere'!$A$4:$L$60,12))",0
T1,R94,"=IF(J94=0,0,Q94*VLOOKUP(E94,'Prix Matiere'!$A$4:$L$60,11))",0
T1,J95,"=IF(C95=0,0,(C95/100)*(D95/100)*F95)",0
T1,K95,=J95/0.8,0
T1,Q95,"=IF(J95=0,0,J95*VLOOKUP(E95,'Prix Matiere'!$A$4:$L$60,12))",0
T1,C96,"=C89-VLOOKUP($C$17,B142:Q148,14)",110.2
T1,D96,"=D89-VLOOKUP($C$17,B142:Q148,14)",16
T1,E96,"=E89-VLOOKUP($C$17,B142:Q148,14)",110.2
T1,J96,"=IF(C96=0,0,(C96/100)*(D96/100)*F96)",0
T1,K96,=J96/0.8,0
T1,J97,"=IF(C97=0,0,(C97/100)*(D97/100)*F97)",0
T1,K97,=J97/0.8,0
T1,J98,"=IF(C98=0,0,(C98/100)*(D98/100)*F98)",0
T1,K98,=J98/0.8,0
T1,J99,"=IF(C99=0,0,(C99/100)*(D99/100)*F99)",0
T1,K99,=J99/0.8,0
T1,B100,"=IF(B34=""Aucun"",0,""Dessus"")",Dessus
T1,C100,"=IF(B34=""Aucun"",0,C96)",110.2
T1,D100,"=IF(B34=""Aucun"",0,D29+VLOOKUP(B34,B169:M177,5))",16
T1,E100,"=VLOOKUP(B34,B169:M177,9)",PU 50 mm
T1,F100,"=IF(B34=""Aucun"",0,IF(B34=""Entourage Stratocell 20 mm"",2,IF(B34=""Entourage Stratocell 30 mm"",2,1)))",1
T1,J100,"=IF(C100=0,0,(C100/100)*(D100/100)*F100)",0.17632
T1,K100,=J100/0.8,0.22039999999999998
T1,L100,"=IF(E100=0,0,VLOOKUP(E100,'Prix Matiere'!$A$4:$J$65,10))",9.56701030927835
T1,M100,=L100*K100,2.1085690721649484
T1,N100,"=IF(J100=0,0,4.7283*J100+2)",2.833693856
T1,O100,=N100*MinuteMO,2.4086397776
T1,Q100,"=IF(J100=0,0,J100*VLOOKUP(E100,'Prix Matiere'!$A$4:$L$60,12))",0.2204
T1,R100,"=IF(J100=0,0,Q100*VLOOKUP(E100,'Prix Matiere'!$A$4:$L$60,11))",0.59508
T1,B101,"=IF(B34=""Aucun"",0,""Extrémité"")",Extrémité
T1,C101,"=IF(B34=""Aucun"",0,IF(B34=""Entourage Stratocell 20 mm"",0,IF(B34=""Entourage Stratocell 30 mm"",0,IF(C29<60,10,IF(C29<80,15,20)))))",20
T1,D101,"=IF(B34=""Entourage Stratocell 20 mm"",0,IF(B34=""Entourage Stratocell 30 mm"",0,D100))",16
T1,E101,"=IF(B34=""Entourage Stratocell 20 mm"",0,IF(B34=""Entourage Stratocell 30 mm"",0,VLOOKUP(B34,B169:M177,9)))",PU 50 mm
T1,F101,"=IF(B34=""Aucun"",0,IF(B34=""Entourage Stratocell 20 mm"",0,IF(B34=""Entourage Stratocell 30 mm"",0,2)))",2
T1,J101,"=IF(C101=0,0,(C101/100)*(D101/100)*F101)",0.064
T1,K101,=J101/0.8,0.08
T1,L101,"=IF(E101=0,0,VLOOKUP(E101,'Prix Matiere'!$A$4:$J$65,10))",9.56701030927835
T1,M101,=L101*K101,0.7653608247422681
T1,N101,"=IF(J101=0,0,4.7283*J101+2)",2.3026112
T1,O101,=N101*MinuteMO,1.9572195199999998
T1,Q101,"=IF(J101=0,0,J101*VLOOKUP(E101,'Prix Matiere'!$A$4:$L$60,12))",0.08
T1,R101,"=IF(J101=0,0,Q101*VLOOKUP(E101,'Prix Matiere'!$A$4:$L$60,11))",0.21600000000000003
T1,B102,"=IF(B34=""Aucun"",0,B38)",Ethafoam 50 mm
T1,C102,=C38,12
T1,D102,"=IF(B34=""Entourage Stratocell 20 mm"",0,IF(B34=""Entourage Stratocell 30 mm"",0,D101))",16
T1,E102,"=IF(B34=""Aucun"",0,IF(B34=""Entourage Stratocell 20 mm"",0,IF(B34=""Entourage Stratocell 30 mm"",0,IF(B102=""Ethafoam 50 mm"",""Ethafoam 50 mm"",""Agglocelle 50 mm""))))",Ethafoam 50 mm
T1,F102,=F38,2
T1,J102,"=IF(C102=0,0,(C102/100)*(D102/100)*F102)",0.0384
T1,K102,=J102/0.8,0.047999999999999994
T1,L102,"=IF(E102=0,0,VLOOKUP(E102,'Prix Matiere'!$A$4:$J$65,10))",22.000937207122774
T1,M102,=L102*K102,1.056044985941893
T1,N102,"=IF(J102=0,0,4.7283*J102+2)",2.18156672
T1,O102,=N102*MinuteMO,1.854331712
T1,Q102,"=IF(J102=0,0,J102*VLOOKUP(E102,'Prix Matiere'!$A$4:$L$60,12))",0.0672
T1,R102,"=IF(J102=0,0,Q102*VLOOKUP(E102,'Prix Matiere'!$A$4:$L$60,11))",0.19487999999999997
T1,B103,"=IF(B34=""Aucun"",0,""Milieu"")",Milieu
T1,C103,"=IF(B34=""Entourage Stratocell 20 mm"",0,IF(B34=""Entourage Stratocell 30 mm"",0,(C100-((C101*F101)+(C102*F102)))/(F102-1)))",46.2
T1,D103,"=IF(B34=""Entourage Stratocell 20 mm"",0,IF(B34=""Entourage 30 mm"",0,D102))",16
T1,E103,"=IF(B34=""Entourage Stratocell 20 mm"",0,IF(B34=""Entourage Stratocell 30 mm"",0,VLOOKUP(B34,B169:M177,9)))",PU 50 mm
T1,F103,"=IF(B34=""Aucun"",0,IF(B34=""Entourage Stratocell 20 mm"",0,IF(B34=""Entourage Stratocell 30 mm"",0,F102-1)))",1
T1,J103,"=IF(C103=0,0,(C103/100)*(D103/100)*F103)",0.07392
T1,K103,=J103/0.8,0.0924
T1,L103,"=IF(E103=0,0,VLOOKUP(E103,'Prix Matiere'!$A$4:$J$65,10))",9.56701030927835
T1,M103,=L103*K103,0.8839917525773195
T1,N103,"=IF(J103=0,0,4.7283*J103+2)",2.349515936
T1,O103,=N103*MinuteMO,1.9970885455999998
T1,Q103,"=IF(J103=0,0,J103*VLOOKUP(E103,'Prix Matiere'!$A$4:$L$60,12))",0.0924
T1,R103,"=IF(J103=0,0,Q103*VLOOKUP(E103,'Prix Matiere'!$A$4:$L$60,11))",0.24948
T1,B104,"=IF(B34=""Aucun"",0,""Bouts avec passage de main"")",Bouts avec passage de main
T1,C104,"=IF(B34=""Aucun"",0,IF(B34=""Entourage Stratocell 20 mm"",E96-4.4,IF(B34=""Entourage Stratocell 30 mm"",E96-6.4,(E29-IF(E29>120,30,15))/(F104/2))))",42.5
T1,D104,"=IF(B34=""Entourage Stratocell 20 mm"",D100,IF(B34=""Entourage Stratocell 30 mm"",D100,D103))",16
T1,E104,"=VLOOKUP(B34,B169:M177,9)",PU 50 mm
T1,F104,"=IF(B34=""Aucun"",0,IF(B34=""Entourage Stratocell 20 mm"",2,IF(B34=""Entourage Stratocell 30 mm"",2,IF(E29>120,6,4))))",4
T1,J104,"=IF(C104=0,0,(C104/100)*(D104/100)*F104)",0.272
T1,K104,=J104/0.8,0.34
T1,L104,"=IF(E104=0,0,VLOOKUP(E104,'Prix Matiere'!$A$4:$J$65,10))",9.56701030927835
T1,M104,=L104*K104,3.2527835051546394
T1,N104,"=IF(J104=0,0,4.7283*J104+2)",3.2860976
T1,O104,=N104*MinuteMO,2.79318296
T1,Q104,"=IF(J104=0,0,J104*VLOOKUP(E104,'Prix Matiere'!$A$4:$L$60,12))",0.34
T1,R104,"=IF(J104=0,0,Q104*VLOOKUP(E104,'Prix Matiere'!$A$4:$L$60,11))",0.9180000000000001
T1,B105,"=IF(B34=""Aucun"",0,""Fond"")",Fond
T1,C105,"=IF(B34=""Aucun"",0,C29+VLOOKUP(B34,B169:M177,6))",100.2
T1,D105,"=IF(B34=""Sous verre 2 faces"",E29+VLOOKUP(B34,B169:M177,6),IF(B34=""Bandes de mousse fond plein"",E29+VLOOKUP(B34,B169:M177,6),IF(B34=""Entourage Stratocell 20 mm"",E96,IF(B34=""Entourage Stratocell 30 mm"",E96,C37))))",5
T1,E105,"=VLOOKUP(B34,B169:M177,8)",PU 50 mm
T1,F105,"=VLOOKUP(B34,B169:M177,7)",2
T1,J105,"=IF(C105=0,0,(C105/100)*(D105/100)*F105)",0.10020000000000001
T1,K105,=J105/0.8,0.12525
T1,L105,"=IF(E105=0,0,VLOOKUP(E105,'Prix Matiere'!$A$4:$J$65,10))",9.56701030927835
T1,M105,=L105*K105,1.1982680412371134
T1,N105,"=IF(J105=0,0,4.7283*J105+2)",2.4737756600000003
T1,O105,=N105*MinuteMO,2.1027093110000004
T1,Q105,"=IF(J105=0,0,J105*VLOOKUP(E105,'Prix Matiere'!$A$4:$L$60,12))",0.12525000000000003
T1,R105,"=IF(J105=0,0,Q105*VLOOKUP(E105,'Prix Matiere'!$A$4:$L$60,11))",0.3381750000000001
T1,B106,"=IF(B34=""Aucun"",0,""Remplis de fond"")",Remplis de fond
T1,C106,"=IF(B34=""Aucun"",0,IF(B34=""Entourage Stratocell 20 mm"",0,IF(B34=""Entourage Stratocell 30 mm"",0,IF(B34=""Sous verre 2 faces"",0,IF(B34=""Bandes de mousse fond plein"",0,E29-D105*2+VLOOKUP(B34,B169:M177,6))))))",90.2
T1,D106,"=IF(B34=""Sous verre 2 faces"",0,C37)",5
T1,E106,"=IF(C106=0,0,VLOOKUP(B34,B169:M177,8))",PU 50 mm
T1,F106,"=IF(B34=""Aucun"",0,IF(B34=""Entourage Stratocell 20 mm"",0,IF(B34=""Entourage Stratocell 30 mm"",0,IF(B34=""Sous verre 2 faces"",0,2))))",2
T1,J106,"=IF(C106=0,0,(C106/100)*(D106/100)*F106)",0.0902
T1,K106,=J106/0.8,0.11275
T1,L106,"=IF(E106=0,0,VLOOKUP(E106,'Prix Matiere'!$A$4:$J$65,10))",9.56701030927835
T1,M106,=L106*K106,1.078680412371134
T1,N106,"=IF(J106=0,0,4.7283*J106+2)",2.42649266
T1,O106,=N106*MinuteMO,2.062518761
T1,Q106,"=IF(J106=0,0,J106*VLOOKUP(E106,'Prix Matiere'!$A$4:$L$60,12))",0.11275
T1,R106,"=IF(J106=0,0,Q106*VLOOKUP(E106,'Prix Matiere'!$A$4:$L$60,11))",0.304425
T1,B107,"=IF(B34=""Aucun"",0,""Dessus"")",Dessus
T1,C107,"=IF(B34=""Aucun"",0,C29+VLOOKUP(B34,B169:M177,10))",99.5
T1,D107,"=IF(B34=""Sous verre 2 faces"",E29+VLOOKUP(B34,B169:M177,10),IF(B34=""Sous verre / bandes de mousse"",E29+VLOOKUP(B34,B169:M177,10),C36))",5
T1,E107,"=VLOOKUP(B34,B169:M177,9)",PU 50 mm
T1,F107,"=VLOOKUP(B34,B169:M177,11)",2
T1,J107,"=IF(C107=0,0,(C107/100)*(D107/100)*F107)",0.0995
T1,K107,=J107/0.8,0.124375
T1,L107,"=IF(E107=0,0,VLOOKUP(E107,'Prix Matiere'!$A$4:$J$65,10))",9.56701030927835
T1,M107,=L107*K107,1.1898969072164949
T1,N107,"=IF(J107=0,0,4.7283*J107+2)",2.47046585
T1,O107,=N107*MinuteMO,2.0998959725
T1,Q107,"=IF(J107=0,0,J107*VLOOKUP(E107,'Prix Matiere'!$A$4:$L$60,12))",0.12437500000000001
T1,R107,"=IF(J107=0,0,Q107*VLOOKUP(E107,'Prix Matiere'!$A$4:$L$60,11))",0.33581250000000007
T1,B108,"=IF(B34=""Aucun"",0,""Remplis de dessus"")",Remplis de dessus
T1,C108,"=IF(B34=""Aucun"",0,IF(B34=""Entourage Stratocell 20 mm"",0,IF(B34=""Entourage Stratocell 30 mm"",0,IF(B34=""Sous verre 2 faces"",0,IF(B34=""Sous verre / bandes de mousse"",0,E29-2*D107+VLOOKUP(B34,B169:M177,10))))))",89.5
T1,D108,"=IF(B34=""Sous verre / bandes de mousse"",0,IF(B34=""Sous verre 2 faces"",0,C36))",5
T1,E108,"=IF(C108=0,0,VLOOKUP(B34,B169:M177,9))",PU 50 mm
T1,F108,"=IF(B34=""Aucun"",0,IF(B34=""Entourage Stratocell 20 mm"",0,IF(B34=""Entourage Stratocell 30 mm"",0,IF(B34=""Sous verre 2 faces"",0,IF(B34=""Sous verre / bandes de mousse"",0,2)))))",2
T1,J108,"=IF(C108=0,0,(C108/100)*(D108/100)*F108)",0.08950000000000001
T1,K108,=J108/0.8,0.111875
T1,L108,"=IF(E108=0,0,VLOOKUP(E108,'Prix Matiere'!$A$4:$J$65,10))",9.56701030927835
T1,M108,=L108*K108,1.0703092783505155
T1,N108,"=IF(J108=0,0,4.7283*J108+2)",2.42318285
T1,O108,=N108*MinuteMO,2.0597054225
T1,Q108,"=IF(J108=0,0,J108*VLOOKUP(E108,'Prix Matiere'!$A$4:$L$60,12))",0.11187500000000002
T1,R108,"=IF(J108=0,0,Q108*VLOOKUP(E108,'Prix Matiere'!$A$4:$L$60,11))",0.30206250000000007
T1,B109,"=IF(B34=""Aucun"",0,""Rattrapage 1"")",Rattrapage 1
T1,C109,"=IF(C39=0,0,C29+0.2)",0
T1,D109,"=IF(C39=0,0,C39)",0
T1,E109,"=IF(C109=0,0,CONCATENATE(""PU "",$E$39*10,"" mm""))",0
T1,F109,"=IF(C39=0,0,2)",0
T1,J109,"=IF(C109=0,0,(C109/100)*(D109/100)*F109)",0
T1,K109,=J109/0.8,0
T1,L109,"=IF(E109=0,0,VLOOKUP(E109,'Prix Matiere'!$A$4:$J$65,10))",0
T1,M109,=L109*K109,0
T1,N109,"=IF(J109=0,0,4.7283*J109+2)",0
T1,O109,=N109*MinuteMO,0
T1,Q109,"=IF(J109=0,0,J109*VLOOKUP(E109,'Prix Matiere'!$A$4:$L$60,12))",0
T1,R109,"=IF(J109=0,0,Q109*VLOOKUP(E109,'Prix Matiere'!$A$4:$L$60,11))",0
T1,B110,"=IF(B34=""Aucun"",0,""Rattrapage 2"")",Rattrapage 2
T1,C110,"=IF(C39=0,0,E29+0.2-2*D109)",0
T1,D110,"=IF(C28=0,0,D109)",0
T1,E110,"=IF(C110=0,0,CONCATENATE(""PU "",$E$39*10,"" mm""))",0
T1,F110,"=IF(C39=0,0,2)",0
T1,J110,"=IF(C110=0,0,(C110/100)*(D110/100)*F110)",0
T1,K110,=J110/0.8,0
T1,L110,"=IF(E110=0,0,VLOOKUP(E110,'Prix Matiere'!$A$4:$J$65,10))",0
T1,M110,=L110*K110,0
T1,N110,"=IF(J110=0,0,4.7283*J110+2)",0
T1,O110,=N110*MinuteMO,0
T1,Q110,"=IF(J110=0,0,J110*VLOOKUP(E110,'Prix Matiere'!$A$4:$L$60,12))",0
T1,R110,"=IF(J110=0,0,Q110*VLOOKUP(E110,'Prix Matiere'!$A$4:$L$60,11))",0
T1,B111,"=IF(B34=""Aucun"",0,""Remplissage 1"")",Remplissage 1
T1,C111,"=IF(C41=0,0,C41)",0
T1,D111,"=IF(D41=0,0,D41)",0
T1,E111,"=IF(C111=0,0,CONCATENATE(""PU "",$E$41*10,"" mm""))",0
T1,F111,"=IF(C41=0,0,1)",0
T1,J111,"=IF(C111=0,0,(C111/100)*(D111/100)*F111)",0
T1,K111,=J111/0.8,0
T1,L111,"=IF(E111=0,0,VLOOKUP(E111,'Prix Matiere'!$A$4:$J$65,10))",0
T1,M111,=L111*K111,0
T1,N111,"=IF(J111=0,0,4.7283*J111+2)",0
T1,O111,=N111*MinuteMO,0
T1,Q111,"=IF(J111=0,0,J111*VLOOKUP(E111,'Prix Matiere'!$A$4:$L$60,12))",0
T1,R111,"=IF(J111=0,0,Q111*VLOOKUP(E111,'Prix Matiere'!$A$4:$L$60,11))",0
T1,B112,"=IF(B34=""Aucun"",0,""Remplissage 2"")",Remplissage 2
T1,C112,"=IF(C42=0,0,C42)",0
T1,D112,"=IF(D42=0,0,D42)",0
T1,E112,"=IF(C112=0,0,CONCATENATE(""PU "",$E$42*10,"" mm""))",0
T1,F112,"=IF(C42=0,0,1)",0
T1,J112,"=IF(C112=0,0,(C112/100)*(D112/100)*F112)",0
T1,K112,=J112/0.8,0
T1,L112,"=IF(E112=0,0,VLOOKUP(E112,'Prix Matiere'!$A$4:$J$65,10))",0
T1,M112,=L112*K112,0
T1,N112,"=IF(J112=0,0,4.7283*J112+2)",0
T1,O112,=N112*MinuteMO,0
T1,Q112,"=IF(J112=0,0,J112*VLOOKUP(E112,'Prix Matiere'!$A$4:$L$60,12))",0
T1,R112,"=IF(J112=0,0,Q112*VLOOKUP(E112,'Prix Matiere'!$A$4:$L$60,11))",0
T1,B113,"=IF(B34=""Aucun"",0,""Carton"")",Carton
T1,C113,"=IF(F113=0,0,C29+VLOOKUP(B34,B169:M177,10))",99.5
T1,D113,"=IF(F113=0,0,E29+VLOOKUP(B34,B167:M178,10))",99.5
T1,E113,"=IF(C113=0,0,""Carton"")",Carton
T1,F113,"=VLOOKUP(B34,B169:M177,12)",1
T1,J113,"=IF(C113=0,0,(C113/100)*(D113/100)*F113)",0.990025
T1,K113,=J113/0.8,1.23753125
T1,L113,"=IF(E113=0,0,Carton)",2.3247749959090167
T1,M113,=L113*K113,2.8769817066560304
T1,N113,"=IF(J113=0,0,2.356*J113+1)",3.3324989
T1,O113,=N113*MinuteMO,2.832624065
T1,Q113,"=IF(J113=0,0,J113*Poids_Carton)",0.990025
T1,R113,"=IF(J113=0,0,Q113*VLOOKUP(E113,'Prix Matiere'!$A$4:$L$60,11))",0.4791721
T1,O114,=N114*MinuteMO,0
T1,Q114,"=IF(J114=0,0,J114*Poids_Carton)",0
T1,R114,"=IF(J114=0,0,Q114*VLOOKUP(E114,'Prix Matiere'!$A$4:$L$60,11))",0
T1,C115,"=IF(F23=""Aucun"","" "",F23)", 
T1,M115,"=VLOOKUP($F$23,$B$158:$E$161,3)",0
T1,N115,"=IF(M115=0,0,12.5)",0
T1,O115,=N115*MinuteMO,0
T1,R115,"=IF(J115=0,0,Q115*VLOOKUP(E115,'Prix Matiere'!$A$4:$L$60,11))",0
T1,C116,"=IF($F$21=""Oui"",""Tyvek"",0)",0
T1,K116,"=IF(C116=""Tyvek"",SUM(K100:K112)/0.7,0)",0
T1,L116,"=IF(C116=0,0,2.75)",0
T1,M116,=K116*L116,0
T1,N116,"=IF(K116=0,0,7*K116+2)",0
T1,O116,=N116*MinuteMO,0
T1,Q116,"=IF(K116=0,0,K116*VLOOKUP(C116,'Prix Matiere'!$A$4:$L$60,12))",0
T1,R116,"=IF(J116=0,0,Q116*VLOOKUP(E116,'Prix Matiere'!$A$4:$L$60,11))",0
T1,C117,"=IF(F19=""Non"",0,""Peinture"")",0
T1,J117,"=IF(C117=0,0,(((C46/100)*(D46/100))+((C46/100)*(E46/100))+((D46/100)*(E46/100)))*2)",0
T1,K117,=J117*0.5,0
T1,L117,"=IF(C117=0,0,VLOOKUP(C117,'Prix Matiere'!$A$4:$J$60,10))",0
T1,M117,=K117*L117,0
T1,N117,"=IF(J117=0,0,IF(C117=""Peinture"",30+J117*15))",0
T1,O117,=N117*MinuteMO,0
T1,Q117,"=IF(J117=0,0,J117*VLOOKUP(C117,'Prix Matiere'!$A$4:$L$60,12))",0
T1,R117,"=IF(J117=0,0,Q117*VLOOKUP(C117,'Prix Matiere'!$A$4:$L$60,11))",0
T1,C118,=C19,Vis bois
T1,M118,"=IF(C118=""Vis bois"",0,(F4*2+F6*2)*1.5)",0
T1,N118,"=IF(C118=""Vis bois"",0,45)",0
T1,O118,=N118*MinuteMO,0
T1,Q118,"=IF(J118=0,0,J118*Poids_Carton)",0
T1,C119,=C21,Bois
T1,M119,"=IF(C119=""Métal x 4 sur GC"",4*2,IF(C119=""Métal x 2 sur bouts"",2*2,0))",0
T1,N119,"=IF(C119=""Métal x 4 sur GC"",4*3,IF(C119=""Métal x 2 sur bouts"",2*3,0))",0
T1,O119,=N119*MinuteMO,0
T1,Q119,"=IF(J119=0,0,J119*Poids_Carton)",0
T1,L121,"=IF(E121=0,0,VLOOKUP(E121,'Prix Matiere'!$A$4:$J$65,10))",0
T1,M121,=SUM(M58:M120),131.20282000187632
T1,N121,=SUM(N58:N120),120.02948740480004
T1,O121,=N121*MinuteMO,102.02506429408002
T1,Q121,=SUM(Q58:Q119),40.93123020000001
T1,R121,=SUM(R58:R119),29.294938269600003
T1,C122,"=IF($F$9=0,0,M121)",131.20282000187632
T1,F122,"=CONCATENATE(ROUNDUP(SUM(K58:K60)+SUM(K86:K87),2),"" m²"")","4,36 m²"
T1,G122,=SUM(M58:M60)+SUM(M86:M87),73.59995774226806
T1,C123,"=IF($F$9=0,0,O121)",102.02506429408002
T1,D123,"=IF($F$9=0,0,N121)",120.02948740480004
T1,F123,"=CONCATENATE(ROUNDUP(SUM(K63:K69),2),"" m²"")","1,96 m²"
T1,G123,=SUM(M63:M69),42.12197577319587
T1,C124,"=IF($F$9=0,0,((C122+C123)/Frais_Généraux)-(C122+C123))",125.58424539013032
T1,F124,"=CONCATENATE(ROUNDUP(SUM(K79:K81)+SUM(K92:K94),2),"" m²"")",0 m²
T1,G124,=SUM(M79:M81)+SUM(M92:M94),0
T1,C125,"=IF($F$9=0,0,SUM(C122:C124))",358.8121296860867
T1,F125,"=CONCATENATE(ROUNDUP(SUM(K72:K74)+SUM(K100:K112),2),"" m²"")","1,26 m²"
T1,G125,=SUM(M72:M74)+SUM(M100:M112),12.603904779756327
T1,C126,"=IF($F$9=0,0,(C125/(1-Marge)-C125))",27.00736460002804
T1,D126,=C125+C126,385.8194942861147
T1,F126,"=CONCATENATE(ROUNDUP(K113,2),"" m²"")","1,24 m²"
T1,G126,=M113,2.8769817066560304
T1,C127,"=IF($F$10=""BOVIS"",((C125+C126)*(1+C128))-(C125+C126),((C125+C126)*(1+D127))-(C125+C126))",0
T1,C128,"=IF($F$10=""BOVIS"",0.03,0)",0
T1,C129,=SUM(C125:C128),385.8194942861147
T1,G129,=C122-SUM(G122:G126),0
T1,C143,=(3+1.25+3)*2,14.5
T1,D143,=(3+1.25+3)*2,14.5
T1,E143,=(3+1.25+3)*2,14.5
T1,C144,=(5+1.25+5)*2,22.5
T1,D144,=(5+1.25+5)*2,22.5
T1,E144,=(5+1.25+5)*2,22.5
T1,C145,=(3)*2,6
T1,D145,=(3)*2,6
T1,E145,=(3)*2,6
T1,C146,=(5)*2,10
T1,D146,=(5)*2,10
T1,E146,=(5)*2,10
T1,C147,=(3+3+1.25+3)*2,20.5
T1,D147,=(3+3+1.25+3)*2,20.5
T1,E147,=(3+3+1.25+3)*2,20.5
T1,C148,=(5+5+1.25+5)*2,32.5
T1,D148,=(5+5+1.25+5)*2,32.5
T1,E148,=(5+5+1.25+5)*2,32.5
T1,C170,"=IF($F$25=""PU 50 mm"",10.2,6.2)",10.2
T1,D170,"=IF($F$25=""PU 50 mm"",11,7)",11
T1,E170,"=IF($F$25=""PU 50 mm"",10.2,6.2)",10.2
T1,F170,"=IF($F$25=""PU 50 mm"",11,7)",11
T1,H170,=2,2
T1,I170,"=IF($F$25=""PU 50 mm"",""PU 50 mm"",""PU 30 mm"")",PU 50 mm
T1,J170,"=IF($F$25=""PU 50 mm"",""PU 50 mm"",""PU 30 mm"")",PU 50 mm
T1,C171,"=IF($F$25=""PU 50 mm"",10.2,6.2)",10.2
T1,D171,"=IF($F$25=""PU 50 mm"",11,7)",11
T1,E171,"=IF($F$25=""PU 50 mm"",10.2,6.2)",10.2
T1,F171,"=IF($F$25=""PU 50 mm"",11,7)",11
T1,I171,"=IF($F$25=""PU 50 mm"",""PU 50 mm"",""PU 30 mm"")",PU 50 mm
T1,J171,"=IF($F$25=""PU 50 mm"",""PU 50 mm"",""PU 30 mm"")",PU 50 mm
T1,C172,"=4.4+IF($F$21=""Oui"",0.2)",4.4
T1,D172,"=4.4+IF($F$21=""Oui"",0.2)",4.4
T1,E172,"=4.4+IF($F$21=""Oui"",0.2)",4.4
T1,F172,"=0.2+IF($F$21=""Oui"",0.2)",0.2
T1,C173,"=6.4+IF($F$21=""Oui"",0.2)",6.4
T1,D173,"=6.4+IF($F$21=""Oui"",0.2)",6.4
T1,E173,"=6.4+IF($F$21=""Oui"",0.2)",6.4
T1,F173,"=0.2+IF($F$21=""Oui"",0.2)",0.2
T1,C174,"=IF($F$25=""PU 50 mm"",10.2,6.2)",10.2
T1,D174,"=IF($F$25=""PU 50 mm"",11,7)",11
T1,E174,"=IF($F$25=""PU 50 mm"",10.2,6.2)",10.2
T1,F174,"=IF($F$25=""PU 50 mm"",5.2,3.2)",5.2
T1,I174,"=IF($F$25=""PU 50 mm"",""PU 50 mm"",""PU 30 mm"")",PU 50 mm
T1,J174,"=IF($F$25=""PU 50 mm"",""PU 50 mm"",""PU 30 mm"")",PU 50 mm
T1,C175,"=IF($F$25=""PU 50 mm"",10.2,6.2)",10.2
T1,D175,"=IF($F$25=""PU 50 mm"",11,7)",11
T1,E175,"=IF($F$25=""PU 50 mm"",10.2,6.2)",10.2
T1,F175,"=IF($F$25=""PU 50 mm"",6,4)",6
T1,G175,"=IF($F$25=""PU 50 mm"",10.2,6.2)",10.2
T1,I175,"=IF($F$25=""PU 50 mm"",""Ethafoam 50 mm"",""Ethafoam 30 mm"")",Ethafoam 50 mm
T1,J175,"=IF($F$25=""PU 50 mm"",""PU 50 mm"",""PU 30 mm"")",PU 50 mm
T1,C176,"=IF($F$25=""PU 50 mm"",10.2,6.2)",10.2
T1,D176,"=IF($F$25=""PU 50 mm"",11,7)",11
T1,E176,"=IF($F$25=""PU 50 mm"",10.2,6.2)",10.2
T1,F176,"=IF($F$25=""PU 50 mm"",11,7)",11
T1,I176,"=IF($F$25=""PU 50 mm"",""PU 50 mm"",""PU 30 mm"")",PU 50 mm
T1,J176,"=IF($F$25=""PU 50 mm"",""PU 50 mm"",""PU 30 mm"")",PU 50 mm
T1,C177,"=IF($F$25=""PU 50 mm"",10.2,6.2)",10.2
T1,D177,"=IF($F$25=""PU 50 mm"",11,7)",11
T1,E177,"=IF($F$25=""PU 50 mm"",10.2,6.2)",10.2
T1,F177,"=IF($F$25=""PU 50 mm"",11,7)",11
T1,I177,"=IF($F$25=""PU 50 mm"",""PU 50 mm"",""PU 30 mm"")",PU 50 mm
T1,J177,"=IF($F$25=""PU 50 mm"",""PU 50 mm"",""PU 30 mm"")",PU 50 mm
T1,C194,"=VLOOKUP($F$10,'Infos Clients'!$B$2:$G$10,2)",#VALUE!
